Test_ID,penalty_stiffness,damping_factor,contact_damping,steel_E,steel_nu,steel_sigma_yield,steel_limit_strain,wood_E,wood_nu,wood_sigma_uts,wood_limit_strain,Frame,Max_U_Blade,Max_Stress,Max_U_Obs,Blade_Elem,Wood_Elem
1,20000000.0,15.0,3000.0,20500000000.0,0.28,250000000.0,5.0,1200000000.0,0.26,10000000.0,0.15,0,0.013895418040526636,0.0010013646702385698,0.0,131,384
1,20000000.0,15.0,3000.0,20500000000.0,0.28,250000000.0,5.0,1200000000.0,0.26,10000000.0,0.15,1,0.02758502179463474,77357543.00593613,0.0013348688497486756,127,375
1,20000000.0,15.0,3000.0,20500000000.0,0.28,250000000.0,5.0,1200000000.0,0.26,10000000.0,0.15,2,0.04106929145282004,99961610.42448416,0.008232328906969772,122,374
1,20000000.0,15.0,3000.0,20500000000.0,0.28,250000000.0,5.0,1200000000.0,0.26,10000000.0,0.15,3,0.054353472979301536,165022233.7201129,0.020397373415900893,117,373
1,20000000.0,15.0,3000.0,20500000000.0,0.28,250000000.0,5.0,1200000000.0,0.26,10000000.0,0.15,4,0.06801590145357145,207109737.8583745,0.0361450047130751,107,370
1,20000000.0,15.0,3000.0,20500000000.0,0.28,250000000.0,5.0,1200000000.0,0.26,10000000.0,0.15,5,0.08362241956597688,170403426.17453566,0.05279361597010976,106,361
1,20000000.0,15.0,3000.0,20500000000.0,0.28,250000000.0,5.0,1200000000.0,0.26,10000000.0,0.15,6,0.098996585164528,141465945.06593564,0.06904283333588065,99,359
1,20000000.0,15.0,3000.0,20500000000.0,0.28,250000000.0,5.0,1200000000.0,0.26,10000000.0,0.15,7,0.11414185755323512,115796831.43102382,0.08777589221573945,93,356
1,20000000.0,15.0,3000.0,20500000000.0,0.28,250000000.0,5.0,1200000000.0,0.26,10000000.0,0.15,8,0.12412199017070795,162551359.35049018,0.10580289705626802,85,350
1,20000000.0,15.0,3000.0,20500000000.0,0.28,250000000.0,5.0,1200000000.0,0.26,10000000.0,0.15,9,0.13776447354537064,104030507.35477717,0.12427623312364247,75,339
1,20000000.0,15.0,3000.0,20500000000.0,0.28,250000000.0,5.0,1200000000.0,0.26,10000000.0,0.15,10,0.15263370363594114,125599843.13063028,0.14349548952957175,71,333
1,20000000.0,15.0,3000.0,20500000000.0,0.28,250000000.0,5.0,1200000000.0,0.26,10000000.0,0.15,11,0.167478357684373,97694735.69623914,0.164584844591613,66,332
1,20000000.0,15.0,3000.0,20500000000.0,0.28,250000000.0,5.0,1200000000.0,0.26,10000000.0,0.15,12,0.17801128374363534,170128631.0577009,0.1858436185443811,63,324
1,20000000.0,15.0,3000.0,20500000000.0,0.28,250000000.0,5.0,1200000000.0,0.26,10000000.0,0.15,13,0.18846293253559573,119306291.66167496,0.20734620595015502,53,310
1,20000000.0,15.0,3000.0,20500000000.0,0.28,250000000.0,5.0,1200000000.0,0.26,10000000.0,0.15,14,0.2034959189623748,179967926.87316373,0.22738475357940216,48,295
2,20000000.0,15.0,3000.0,20500000000.0,0.28,250000000.0,5.0,1200000000.0,0.26,10000000.0,0.05,0,0.013895418040526636,0.0010013646702385698,0.0,131,384
2,20000000.0,15.0,3000.0,20500000000.0,0.28,250000000.0,5.0,1200000000.0,0.26,10000000.0,0.05,1,0.02758502179463474,77357543.00593613,0.0013348688497486756,127,375
2,20000000.0,15.0,3000.0,20500000000.0,0.28,250000000.0,5.0,1200000000.0,0.26,10000000.0,0.05,2,0.04106929145282004,99961610.42448416,0.008232328906969772,122,374
2,20000000.0,15.0,3000.0,20500000000.0,0.28,250000000.0,5.0,1200000000.0,0.26,10000000.0,0.05,3,0.054353472979301536,165022233.7201129,0.020397373415900893,117,373
2,20000000.0,15.0,3000.0,20500000000.0,0.28,250000000.0,5.0,1200000000.0,0.26,10000000.0,0.05,4,0.06801590145357145,207109737.8583745,0.0361450047130751,107,370
2,20000000.0,15.0,3000.0,20500000000.0,0.28,250000000.0,5.0,1200000000.0,0.26,10000000.0,0.05,5,0.08362241956597688,170403426.17453566,0.05279361597010976,106,361
2,20000000.0,15.0,3000.0,20500000000.0,0.28,250000000.0,5.0,1200000000.0,0.26,10000000.0,0.05,6,0.098996585164528,141465945.06593564,0.06904283333588065,99,359
2,20000000.0,15.0,3000.0,20500000000.0,0.28,250000000.0,5.0,1200000000.0,0.26,10000000.0,0.05,7,0.11414185755323512,115796831.43102382,0.08777589221573945,93,356
2,20000000.0,15.0,3000.0,20500000000.0,0.28,250000000.0,5.0,1200000000.0,0.26,10000000.0,0.05,8,0.12412199017070795,162551359.35049018,0.10580289705626802,85,350
2,20000000.0,15.0,3000.0,20500000000.0,0.28,250000000.0,5.0,1200000000.0,0.26,10000000.0,0.05,9,0.13776447354537064,104030507.35477717,0.12427623312364247,75,339
2,20000000.0,15.0,3000.0,20500000000.0,0.28,250000000.0,5.0,1200000000.0,0.26,10000000.0,0.05,10,0.15263370363594114,125599843.13063028,0.14349548952957175,71,333
2,20000000.0,15.0,3000.0,20500000000.0,0.28,250000000.0,5.0,1200000000.0,0.26,10000000.0,0.05,11,0.167478357684373,97694735.69623914,0.164584844591613,66,332
2,20000000.0,15.0,3000.0,20500000000.0,0.28,250000000.0,5.0,1200000000.0,0.26,10000000.0,0.05,12,0.17801128374363534,170128631.0577009,0.1858436185443811,63,324
2,20000000.0,15.0,3000.0,20500000000.0,0.28,250000000.0,5.0,1200000000.0,0.26,10000000.0,0.05,13,0.18846293253559573,119306291.66167496,0.20734620595015502,53,310
2,20000000.0,15.0,3000.0,20500000000.0,0.28,250000000.0,5.0,1200000000.0,0.26,10000000.0,0.05,14,0.2034959189623748,179967926.87316373,0.22738475357940216,48,295
3,20000000.0,15.0,3000.0,20500000000.0,0.28,250000000.0,5.0,1200000000.0,0.26,40000000.0,0.15,0,0.013895418040526636,0.0010013646702385698,0.0,131,384
3,20000000.0,15.0,3000.0,20500000000.0,0.28,250000000.0,5.0,1200000000.0,0.26,40000000.0,0.15,1,0.027585021845520984,77318322.9525327,0.0003327919160889642,127,384
3,20000000.0,15.0,3000.0,20500000000.0,0.28,250000000.0,5.0,1200000000.0,0.26,40000000.0,0.15,2,0.04106928945781879,82514033.59555264,0.00036130237762095564,120,384
3,20000000.0,15.0,3000.0,20500000000.0,0.28,250000000.0,5.0,1200000000.0,0.26,40000000.0,0.15,3,0.05435348005324109,105754054.62099051,0.0008382162339679701,113,384
3,20000000.0,15.0,3000.0,20500000000.0,0.28,250000000.0,5.0,1200000000.0,0.26,40000000.0,0.15,4,0.06742024076996926,58791414.45530403,0.0023177428986929697,102,384
3,20000000.0,15.0,3000.0,20500000000.0,0.28,250000000.0,5.0,1200000000.0,0.26,40000000.0,0.15,5,0.08027962651116291,71879479.97956705,0.0029749946541926765,95,384
3,20000000.0,15.0,3000.0,20500000000.0,0.28,250000000.0,5.0,1200000000.0,0.26,40000000.0,0.15,6,0.09294531248987152,65173325.60467362,0.004531230464420066,88,384
3,20000000.0,15.0,3000.0,20500000000.0,0.28,250000000.0,5.0,1200000000.0,0.26,40000000.0,0.15,7,0.10542745760355313,66607178.180883266,0.006394110689129906,84,384
3,20000000.0,15.0,3000.0,20500000000.0,0.28,250000000.0,5.0,1200000000.0,0.26,40000000.0,0.15,8,0.11771427582125622,60510745.61394313,0.008342805026178535,78,384
3,20000000.0,15.0,3000.0,20500000000.0,0.28,250000000.0,5.0,1200000000.0,0.26,40000000.0,0.15,9,0.12980046457592556,98873667.04092826,0.010898113249248487,71,384
3,20000000.0,15.0,3000.0,20500000000.0,0.28,250000000.0,5.0,1200000000.0,0.26,40000000.0,0.15,10,0.14171295601446418,83993857.35270916,0.013335907575085607,66,384
3,20000000.0,15.0,3000.0,20500000000.0,0.28,250000000.0,5.0,1200000000.0,0.26,40000000.0,0.15,11,0.1534215277747443,45936798.56013954,0.01643134609597589,58,384
3,20000000.0,15.0,3000.0,20500000000.0,0.28,250000000.0,5.0,1200000000.0,0.26,40000000.0,0.15,12,0.16495533375905835,74410621.1910851,0.01944614272010734,56,384
3,20000000.0,15.0,3000.0,20500000000.0,0.28,250000000.0,5.0,1200000000.0,0.26,40000000.0,0.15,13,0.1762882286200475,97574909.36934896,0.02281525855477081,49,383
3,20000000.0,15.0,3000.0,20500000000.0,0.28,250000000.0,5.0,1200000000.0,0.26,40000000.0,0.15,14,0.1874282729266647,73671909.59115909,0.027414694590613995,40,382
4,20000000.0,15.0,3000.0,20500000000.0,0.28,250000000.0,5.0,1200000000.0,0.26,40000000.0,0.05,0,0.013895418040526636,0.0010013646702385698,0.0,131,384
4,20000000.0,15.0,3000.0,20500000000.0,0.28,250000000.0,5.0,1200000000.0,0.26,40000000.0,0.05,1,0.027585021845520984,77318322.9525327,0.0003327919160889642,127,384
4,20000000.0,15.0,3000.0,20500000000.0,0.28,250000000.0,5.0,1200000000.0,0.26,40000000.0,0.05,2,0.04106928945781879,82514033.59555264,0.00036130237762095564,120,384
4,20000000.0,15.0,3000.0,20500000000.0,0.28,250000000.0,5.0,1200000000.0,0.26,40000000.0,0.05,3,0.05435348005324109,105754054.62099051,0.0008382162339679701,113,384
4,20000000.0,15.0,3000.0,20500000000.0,0.28,250000000.0,5.0,1200000000.0,0.26,40000000.0,0.05,4,0.06742024076996926,58791414.45530403,0.0023177428986929697,102,384
4,20000000.0,15.0,3000.0,20500000000.0,0.28,250000000.0,5.0,1200000000.0,0.26,40000000.0,0.05,5,0.08027962651116291,71879479.97956705,0.0029749946541926765,95,384
4,20000000.0,15.0,3000.0,20500000000.0,0.28,250000000.0,5.0,1200000000.0,0.26,40000000.0,0.05,6,0.09294531248987152,65173325.60467362,0.004531230464420066,88,384
4,20000000.0,15.0,3000.0,20500000000.0,0.28,250000000.0,5.0,1200000000.0,0.26,40000000.0,0.05,7,0.10542745760355313,66607178.180883266,0.006394110689129906,84,384
4,20000000.0,15.0,3000.0,20500000000.0,0.28,250000000.0,5.0,1200000000.0,0.26,40000000.0,0.05,8,0.11771427582125622,60510745.61394313,0.008342805026178535,78,384
4,20000000.0,15.0,3000.0,20500000000.0,0.28,250000000.0,5.0,1200000000.0,0.26,40000000.0,0.05,9,0.12980046457592556,98873667.04092826,0.010898113249248487,71,384
4,20000000.0,15.0,3000.0,20500000000.0,0.28,250000000.0,5.0,1200000000.0,0.26,40000000.0,0.05,10,0.14171295601446418,83993857.35270916,0.013335907575085607,66,384
4,20000000.0,15.0,3000.0,20500000000.0,0.28,250000000.0,5.0,1200000000.0,0.26,40000000.0,0.05,11,0.1534215277747443,45936798.56013954,0.01643134609597589,58,384
4,20000000.0,15.0,3000.0,20500000000.0,0.28,250000000.0,5.0,1200000000.0,0.26,40000000.0,0.05,12,0.16495533375905835,74410621.1910851,0.01944614272010734,56,384
4,20000000.0,15.0,3000.0,20500000000.0,0.28,250000000.0,5.0,1200000000.0,0.26,40000000.0,0.05,13,0.1762882286200475,97574909.36934896,0.02281525855477081,49,383
4,20000000.0,15.0,3000.0,20500000000.0,0.28,250000000.0,5.0,1200000000.0,0.26,40000000.0,0.05,14,0.1874282729266647,73671909.59115909,0.027414694590613995,40,382
5,20000000.0,15.0,3000.0,20500000000.0,0.28,25000000000.0,5.0,1200000000.0,0.26,10000000.0,0.15,0,0.013895418040526636,0.0010013646702385698,0.0,131,384
5,20000000.0,15.0,3000.0,20500000000.0,0.28,25000000000.0,5.0,1200000000.0,0.26,10000000.0,0.15,1,0.027623240114585005,3726269250.367251,0.0014837886272072956,131,373
5,20000000.0,15.0,3000.0,20500000000.0,0.28,25000000000.0,5.0,1200000000.0,0.26,10000000.0,0.15,2,0.0412333390786981,7867965012.579681,0.01820603562573723,127,367
5,20000000.0,15.0,3000.0,20500000000.0,0.28,25000000000.0,5.0,1200000000.0,0.26,10000000.0,0.15,3,0.05600456002293394,4516733008.521704,0.03634515711775685,115,364
5,20000000.0,15.0,3000.0,20500000000.0,0.28,25000000000.0,5.0,1200000000.0,0.26,10000000.0,0.15,4,0.06796622647009985,9287873820.25564,0.059800551177707884,113,356
5,20000000.0,15.0,3000.0,20500000000.0,0.28,25000000000.0,5.0,1200000000.0,0.26,10000000.0,0.15,5,0.0811514034337792,8458981067.745949,0.07869537710013745,113,356
5,20000000.0,15.0,3000.0,20500000000.0,0.28,25000000000.0,5.0,1200000000.0,0.26,10000000.0,0.15,6,0.09414027722521638,14035471739.511404,0.0959024505037114,113,337
5,20000000.0,15.0,3000.0,20500000000.0,0.28,25000000000.0,5.0,1200000000.0,0.26,10000000.0,0.15,7,0.10693577043965047,22430189053.888916,0.11118524628817593,113,335
5,20000000.0,15.0,3000.0,20500000000.0,0.28,25000000000.0,5.0,1200000000.0,0.26,10000000.0,0.15,8,0.11954076216022398,11214281757.13484,0.12756792348575485,113,335
5,20000000.0,15.0,3000.0,20500000000.0,0.28,25000000000.0,5.0,1200000000.0,0.26,10000000.0,0.15,9,0.1319580886057951,6833523555.532569,0.14272139812002246,113,324
5,20000000.0,15.0,3000.0,20500000000.0,0.28,25000000000.0,5.0,1200000000.0,0.26,10000000.0,0.15,10,0.14419054376911122,9022893379.448748,0.15858856262114307,113,318
5,20000000.0,15.0,3000.0,20500000000.0,0.28,25000000000.0,5.0,1200000000.0,0.26,10000000.0,0.15,11,0.15624088004547645,6926701648.876172,0.1726893739058823,113,307
5,20000000.0,15.0,3000.0,20500000000.0,0.28,25000000000.0,5.0,1200000000.0,0.26,10000000.0,0.15,12,0.16811180885206276,6871343683.015683,0.18826652719218567,113,306
5,20000000.0,15.0,3000.0,20500000000.0,0.28,25000000000.0,5.0,1200000000.0,0.26,10000000.0,0.15,13,0.17980600123799934,7610877971.7179,0.2082659959388657,113,298
5,20000000.0,15.0,3000.0,20500000000.0,0.28,25000000000.0,5.0,1200000000.0,0.26,10000000.0,0.15,14,0.19132608848537766,6187355505.806005,0.22544163035728718,112,298
6,20000000.0,15.0,3000.0,20500000000.0,0.28,25000000000.0,5.0,1200000000.0,0.26,10000000.0,0.05,0,0.013895418040526636,0.0010013646702385698,0.0,131,384
6,20000000.0,15.0,3000.0,20500000000.0,0.28,25000000000.0,5.0,1200000000.0,0.26,10000000.0,0.05,1,0.027623240114585005,3726269250.367251,0.0014837886272072956,131,373
6,20000000.0,15.0,3000.0,20500000000.0,0.28,25000000000.0,5.0,1200000000.0,0.26,10000000.0,0.05,2,0.0412333390786981,7867965012.579681,0.01820603562573723,127,367
6,20000000.0,15.0,3000.0,20500000000.0,0.28,25000000000.0,5.0,1200000000.0,0.26,10000000.0,0.05,3,0.05600456002293394,4516733008.521704,0.03634515711775685,115,364
6,20000000.0,15.0,3000.0,20500000000.0,0.28,25000000000.0,5.0,1200000000.0,0.26,10000000.0,0.05,4,0.06796622647009985,9287873820.25564,0.059800551177707884,113,356
6,20000000.0,15.0,3000.0,20500000000.0,0.28,25000000000.0,5.0,1200000000.0,0.26,10000000.0,0.05,5,0.0811514034337792,8458981067.745949,0.07869537710013745,113,356
6,20000000.0,15.0,3000.0,20500000000.0,0.28,25000000000.0,5.0,1200000000.0,0.26,10000000.0,0.05,6,0.09414027722521638,14035471739.511404,0.0959024505037114,113,337
6,20000000.0,15.0,3000.0,20500000000.0,0.28,25000000000.0,5.0,1200000000.0,0.26,10000000.0,0.05,7,0.10693577043965047,22430189053.888916,0.11118524628817593,113,335
6,20000000.0,15.0,3000.0,20500000000.0,0.28,25000000000.0,5.0,1200000000.0,0.26,10000000.0,0.05,8,0.11954076216022398,11214281757.13484,0.12756792348575485,113,335
6,20000000.0,15.0,3000.0,20500000000.0,0.28,25000000000.0,5.0,1200000000.0,0.26,10000000.0,0.05,9,0.1319580886057951,6833523555.532569,0.14272139812002246,113,324
6,20000000.0,15.0,3000.0,20500000000.0,0.28,25000000000.0,5.0,1200000000.0,0.26,10000000.0,0.05,10,0.14419054376911122,9022893379.448748,0.15858856262114307,113,318
6,20000000.0,15.0,3000.0,20500000000.0,0.28,25000000000.0,5.0,1200000000.0,0.26,10000000.0,0.05,11,0.15624088004547645,6926701648.876172,0.1726893739058823,113,307
6,20000000.0,15.0,3000.0,20500000000.0,0.28,25000000000.0,5.0,1200000000.0,0.26,10000000.0,0.05,12,0.16811180885206276,6871343683.015683,0.18826652719218567,113,306
6,20000000.0,15.0,3000.0,20500000000.0,0.28,25000000000.0,5.0,1200000000.0,0.26,10000000.0,0.05,13,0.17980600123799934,7610877971.7179,0.2082659959388657,113,298
6,20000000.0,15.0,3000.0,20500000000.0,0.28,25000000000.0,5.0,1200000000.0,0.26,10000000.0,0.05,14,0.19132608848537766,6187355505.806005,0.22544163035728718,112,298
7,20000000.0,15.0,3000.0,20500000000.0,0.28,25000000000.0,5.0,1200000000.0,0.26,40000000.0,0.15,0,0.013895418040526636,0.0010013646702385698,0.0,131,384
7,20000000.0,15.0,3000.0,20500000000.0,0.28,25000000000.0,5.0,1200000000.0,0.26,40000000.0,0.15,1,0.027664582246687393,9664301795.53561,0.001013579137726249,131,384
7,20000000.0,15.0,3000.0,20500000000.0,0.28,25000000000.0,5.0,1200000000.0,0.26,40000000.0,0.15,2,0.041174650621142374,6789038312.233854,0.003099884708314027,131,384
7,20000000.0,15.0,3000.0,20500000000.0,0.28,25000000000.0,5.0,1200000000.0,0.26,40000000.0,0.15,3,0.05475126611284678,8139768160.087075,0.0054071776739540245,122,380
7,20000000.0,15.0,3000.0,20500000000.0,0.28,25000000000.0,5.0,1200000000.0,0.26,40000000.0,0.15,4,0.06843754205043065,9058383037.393549,0.019267975304444813,113,371
7,20000000.0,15.0,3000.0,20500000000.0,0.28,25000000000.0,5.0,1200000000.0,0.26,40000000.0,0.15,5,0.0814874328927036,7942316692.681058,0.03279660508844757,112,371
7,20000000.0,15.0,3000.0,20500000000.0,0.28,25000000000.0,5.0,1200000000.0,0.26,40000000.0,0.15,6,0.09532168694241526,11559839509.147598,0.0414369648805127,111,371
7,20000000.0,15.0,3000.0,20500000000.0,0.28,25000000000.0,5.0,1200000000.0,0.26,40000000.0,0.15,7,0.10921649506004871,9472621369.700216,0.05860991251804123,111,371
7,20000000.0,15.0,3000.0,20500000000.0,0.28,25000000000.0,5.0,1200000000.0,0.26,40000000.0,0.15,8,0.12290443489531433,7616588785.731106,0.07504701175421817,111,371
7,20000000.0,15.0,3000.0,20500000000.0,0.28,25000000000.0,5.0,1200000000.0,0.26,40000000.0,0.15,9,0.13638858633862042,6282150327.914314,0.08867929913838493,111,371
7,20000000.0,15.0,3000.0,20500000000.0,0.28,25000000000.0,5.0,1200000000.0,0.26,40000000.0,0.15,10,0.14967198342644006,12165116429.286251,0.10140569679013703,111,371
7,20000000.0,15.0,3000.0,20500000000.0,0.28,25000000000.0,5.0,1200000000.0,0.26,40000000.0,0.15,11,0.16275761502399122,12041247603.84198,0.11499472062350242,111,371
7,20000000.0,15.0,3000.0,20500000000.0,0.28,25000000000.0,5.0,1200000000.0,0.26,40000000.0,0.15,12,0.1756484254977556,10050317028.952675,0.12882805515799226,111,371
7,20000000.0,15.0,3000.0,20500000000.0,0.28,25000000000.0,5.0,1200000000.0,0.26,40000000.0,0.15,13,0.18834731537798163,7420756358.222058,0.14308684652874618,111,371
7,20000000.0,15.0,3000.0,20500000000.0,0.28,25000000000.0,5.0,1200000000.0,0.26,40000000.0,0.15,14,0.20085714201132698,10347769894.201078,0.16536854030674994,111,371
8,20000000.0,15.0,3000.0,20500000000.0,0.28,25000000000.0,5.0,1200000000.0,0.26,40000000.0,0.05,0,0.013895418040526636,0.0010013646702385698,0.0,131,384
8,20000000.0,15.0,3000.0,20500000000.0,0.28,25000000000.0,5.0,1200000000.0,0.26,40000000.0,0.05,1,0.027664582246687393,9664301795.53561,0.001013579137726249,131,384
8,20000000.0,15.0,3000.0,20500000000.0,0.28,25000000000.0,5.0,1200000000.0,0.26,40000000.0,0.05,2,0.041174650621142374,6789038312.233854,0.003099884708314027,131,384
8,20000000.0,15.0,3000.0,20500000000.0,0.28,25000000000.0,5.0,1200000000.0,0.26,40000000.0,0.05,3,0.05475126611284678,8139768160.087075,0.0054071776739540245,122,380
8,20000000.0,15.0,3000.0,20500000000.0,0.28,25000000000.0,5.0,1200000000.0,0.26,40000000.0,0.05,4,0.06843754205043065,9058383037.393549,0.019267975304444813,113,371
8,20000000.0,15.0,3000.0,20500000000.0,0.28,25000000000.0,5.0,1200000000.0,0.26,40000000.0,0.05,5,0.0814874328927036,7942316692.681058,0.03279660508844757,112,371
8,20000000.0,15.0,3000.0,20500000000.0,0.28,25000000000.0,5.0,1200000000.0,0.26,40000000.0,0.05,6,0.09532168694241526,11559839509.147598,0.0414369648805127,111,371
8,20000000.0,15.0,3000.0,20500000000.0,0.28,25000000000.0,5.0,1200000000.0,0.26,40000000.0,0.05,7,0.10921649506004871,9472621369.700216,0.05860991251804123,111,371
8,20000000.0,15.0,3000.0,20500000000.0,0.28,25000000000.0,5.0,1200000000.0,0.26,40000000.0,0.05,8,0.12290443489531433,7616588785.731106,0.07504701175421817,111,371
8,20000000.0,15.0,3000.0,20500000000.0,0.28,25000000000.0,5.0,1200000000.0,0.26,40000000.0,0.05,9,0.13638858633862042,6282150327.914314,0.08867929913838493,111,371
8,20000000.0,15.0,3000.0,20500000000.0,0.28,25000000000.0,5.0,1200000000.0,0.26,40000000.0,0.05,10,0.14967198342644006,12165116429.286251,0.10140569679013703,111,371
8,20000000.0,15.0,3000.0,20500000000.0,0.28,25000000000.0,5.0,1200000000.0,0.26,40000000.0,0.05,11,0.16275761502399122,12041247603.84198,0.11499472062350242,111,371
8,20000000.0,15.0,3000.0,20500000000.0,0.28,25000000000.0,5.0,1200000000.0,0.26,40000000.0,0.05,12,0.1756484254977556,10050317028.952675,0.12882805515799226,111,371
8,20000000.0,15.0,3000.0,20500000000.0,0.28,25000000000.0,5.0,1200000000.0,0.26,40000000.0,0.05,13,0.18834731537798163,7420756358.222058,0.14308684652874618,111,371
8,20000000.0,15.0,3000.0,20500000000.0,0.28,25000000000.0,5.0,1200000000.0,0.26,40000000.0,0.05,14,0.20085714201132698,10347769894.201078,0.16536854030674994,111,371
9,20000000.0,15.0,8000.0,20500000000.0,0.28,250000000.0,5.0,1200000000.0,0.26,10000000.0,0.15,0,0.013895418040526636,0.0010013646702385698,0.0,131,384
9,20000000.0,15.0,8000.0,20500000000.0,0.28,250000000.0,5.0,1200000000.0,0.26,10000000.0,0.15,1,0.027584997657575466,83514104.99031615,0.0007206096890934527,127,375
9,20000000.0,15.0,8000.0,20500000000.0,0.28,250000000.0,5.0,1200000000.0,0.26,10000000.0,0.15,2,0.04106923338338247,73146057.25508446,0.007113903499690979,122,372
9,20000000.0,15.0,8000.0,20500000000.0,0.28,250000000.0,5.0,1200000000.0,0.26,10000000.0,0.15,3,0.05435338427106406,65101525.595915124,0.015175114081990253,122,370
9,20000000.0,15.0,8000.0,20500000000.0,0.28,250000000.0,5.0,1200000000.0,0.26,10000000.0,0.15,4,0.06742658704560092,101258397.9119433,0.02311630798087458,117,368
9,20000000.0,15.0,8000.0,20500000000.0,0.28,250000000.0,5.0,1200000000.0,0.26,10000000.0,0.15,5,0.08031015323443863,415519211.4850019,0.030939272025276174,114,366
9,20000000.0,15.0,8000.0,20500000000.0,0.28,250000000.0,5.0,1200000000.0,0.26,10000000.0,0.15,6,0.09300230769190608,73583502.5229855,0.03864576644151232,112,360
9,20000000.0,15.0,8000.0,20500000000.0,0.28,250000000.0,5.0,1200000000.0,0.26,10000000.0,0.15,7,0.10549996117035203,145931295.0280176,0.04623752524934945,109,354
9,20000000.0,15.0,8000.0,20500000000.0,0.28,250000000.0,5.0,1200000000.0,0.26,10000000.0,0.15,8,0.11782352909946092,142249843.35165128,0.05371625665217072,107,350
9,20000000.0,15.0,8000.0,20500000000.0,0.28,250000000.0,5.0,1200000000.0,0.26,10000000.0,0.15,9,0.1299567694431753,164910792.96913928,0.061083643421335,103,342
9,20000000.0,15.0,8000.0,20500000000.0,0.28,250000000.0,5.0,1200000000.0,0.26,10000000.0,0.15,10,0.14188985256594774,44887038.63754699,0.06834134327481287,102,337
9,20000000.0,15.0,8000.0,20500000000.0,0.28,250000000.0,5.0,1200000000.0,0.26,10000000.0,0.15,11,0.15366186553016237,44529685.621606305,0.0754909892501862,100,333
9,20000000.0,15.0,8000.0,20500000000.0,0.28,250000000.0,5.0,1200000000.0,0.26,10000000.0,0.15,12,0.16524003605274673,75199765.99013339,0.08253419007209314,100,328
9,20000000.0,15.0,8000.0,20500000000.0,0.28,250000000.0,5.0,1200000000.0,0.26,10000000.0,0.15,13,0.1766926793374215,142022042.86187366,0.0894725305142048,89,315
9,20000000.0,15.0,8000.0,20500000000.0,0.28,250000000.0,5.0,1200000000.0,0.26,10000000.0,0.15,14,0.18793359111192118,160755055.8059974,0.09630757175581006,86,296
10,20000000.0,15.0,8000.0,20500000000.0,0.28,250000000.0,5.0,1200000000.0,0.26,10000000.0,0.05,0,0.013895418040526636,0.0010013646702385698,0.0,131,384
10,20000000.0,15.0,8000.0,20500000000.0,0.28,250000000.0,5.0,1200000000.0,0.26,10000000.0,0.05,1,0.027584997657575466,83514104.99031615,0.0007206096890934527,127,375
10,20000000.0,15.0,8000.0,20500000000.0,0.28,250000000.0,5.0,1200000000.0,0.26,10000000.0,0.05,2,0.04106923338338247,73146057.25508446,0.007113903499690979,122,372
10,20000000.0,15.0,8000.0,20500000000.0,0.28,250000000.0,5.0,1200000000.0,0.26,10000000.0,0.05,3,0.05435338427106406,65101525.595915124,0.015175114081990253,122,370
10,20000000.0,15.0,8000.0,20500000000.0,0.28,250000000.0,5.0,1200000000.0,0.26,10000000.0,0.05,4,0.06742658704560092,101258397.9119433,0.02311630798087458,117,368
10,20000000.0,15.0,8000.0,20500000000.0,0.28,250000000.0,5.0,1200000000.0,0.26,10000000.0,0.05,5,0.08031015323443863,415519211.4850019,0.030939272025276174,114,366
10,20000000.0,15.0,8000.0,20500000000.0,0.28,250000000.0,5.0,1200000000.0,0.26,10000000.0,0.05,6,0.09300230769190608,73583502.5229855,0.03864576644151232,112,360
10,20000000.0,15.0,8000.0,20500000000.0,0.28,250000000.0,5.0,1200000000.0,0.26,10000000.0,0.05,7,0.10549996117035203,145931295.0280176,0.04623752524934945,109,354
10,20000000.0,15.0,8000.0,20500000000.0,0.28,250000000.0,5.0,1200000000.0,0.26,10000000.0,0.05,8,0.11782352909946092,142249843.35165128,0.05371625665217072,107,350
10,20000000.0,15.0,8000.0,20500000000.0,0.28,250000000.0,5.0,1200000000.0,0.26,10000000.0,0.05,9,0.1299567694431753,164910792.96913928,0.061083643421335,103,342
10,20000000.0,15.0,8000.0,20500000000.0,0.28,250000000.0,5.0,1200000000.0,0.26,10000000.0,0.05,10,0.14188985256594774,44887038.63754699,0.06834134327481287,102,337
10,20000000.0,15.0,8000.0,20500000000.0,0.28,250000000.0,5.0,1200000000.0,0.26,10000000.0,0.05,11,0.15366186553016237,44529685.621606305,0.0754909892501862,100,333
10,20000000.0,15.0,8000.0,20500000000.0,0.28,250000000.0,5.0,1200000000.0,0.26,10000000.0,0.05,12,0.16524003605274673,75199765.99013339,0.08253419007209314,100,328
10,20000000.0,15.0,8000.0,20500000000.0,0.28,250000000.0,5.0,1200000000.0,0.26,10000000.0,0.05,13,0.1766926793374215,142022042.86187366,0.0894725305142048,89,315
10,20000000.0,15.0,8000.0,20500000000.0,0.28,250000000.0,5.0,1200000000.0,0.26,10000000.0,0.05,14,0.18793359111192118,160755055.8059974,0.09630757175581006,86,296
11,20000000.0,15.0,8000.0,20500000000.0,0.28,250000000.0,5.0,1200000000.0,0.26,40000000.0,0.15,0,0.013895418040526636,0.0010013646702385698,0.0,131,384
11,20000000.0,15.0,8000.0,20500000000.0,0.28,250000000.0,5.0,1200000000.0,0.26,40000000.0,0.15,1,0.027584997753077656,83447689.74729507,0.00030366754087229246,127,384
11,20000000.0,15.0,8000.0,20500000000.0,0.28,250000000.0,5.0,1200000000.0,0.26,40000000.0,0.15,2,0.04106923298248187,68572262.88576666,0.00035834661844424644,120,384
11,20000000.0,15.0,8000.0,20500000000.0,0.28,250000000.0,5.0,1200000000.0,0.26,40000000.0,0.15,3,0.054353390962955224,60848995.31483817,0.000924462644703017,113,384
11,20000000.0,15.0,8000.0,20500000000.0,0.28,250000000.0,5.0,1200000000.0,0.26,40000000.0,0.15,4,0.06742234732047907,50526187.53012202,0.0021543062867322815,102,384
11,20000000.0,15.0,8000.0,20500000000.0,0.28,250000000.0,5.0,1200000000.0,0.26,40000000.0,0.15,5,0.08028593175501306,58609506.32371471,0.002994179696007265,95,384
11,20000000.0,15.0,8000.0,20500000000.0,0.28,250000000.0,5.0,1200000000.0,0.26,40000000.0,0.15,6,0.09295644475646923,58013972.83459267,0.0045553303706230685,88,384
11,20000000.0,15.0,8000.0,20500000000.0,0.28,250000000.0,5.0,1200000000.0,0.26,40000000.0,0.15,7,0.10544270440685088,72504695.62158123,0.006285025699566305,84,384
11,20000000.0,15.0,8000.0,20500000000.0,0.28,250000000.0,5.0,1200000000.0,0.26,40000000.0,0.15,8,0.11773533959604036,52450300.14125772,0.008200966427856966,78,384
11,20000000.0,15.0,8000.0,20500000000.0,0.28,250000000.0,5.0,1200000000.0,0.26,40000000.0,0.15,9,0.12982722549831713,84837398.8749775,0.010595809350430021,71,384
11,20000000.0,15.0,8000.0,20500000000.0,0.28,250000000.0,5.0,1200000000.0,0.26,40000000.0,0.15,10,0.14174569376051752,63159617.3232616,0.013312030790465034,66,384
11,20000000.0,15.0,8000.0,20500000000.0,0.28,250000000.0,5.0,1200000000.0,0.26,40000000.0,0.15,11,0.15346506315391154,55618927.105077565,0.015910603212821867,58,384
11,20000000.0,15.0,8000.0,20500000000.0,0.28,250000000.0,5.0,1200000000.0,0.26,40000000.0,0.15,12,0.16501040072636125,64032894.422924936,0.018755960936720634,56,384
11,20000000.0,15.0,8000.0,20500000000.0,0.28,250000000.0,5.0,1200000000.0,0.26,40000000.0,0.15,13,0.1763594029650114,79475642.41335887,0.022514173253619634,49,384
11,20000000.0,15.0,8000.0,20500000000.0,0.28,250000000.0,5.0,1200000000.0,0.26,40000000.0,0.15,14,0.18751944599436135,65269201.231896766,0.025636535034673908,40,384
12,20000000.0,15.0,8000.0,20500000000.0,0.28,250000000.0,5.0,1200000000.0,0.26,40000000.0,0.05,0,0.013895418040526636,0.0010013646702385698,0.0,131,384
12,20000000.0,15.0,8000.0,20500000000.0,0.28,250000000.0,5.0,1200000000.0,0.26,40000000.0,0.05,1,0.027584997753077656,83447689.74729507,0.00030366754087229246,127,384
12,20000000.0,15.0,8000.0,20500000000.0,0.28,250000000.0,5.0,1200000000.0,0.26,40000000.0,0.05,2,0.04106923298248187,68572262.88576666,0.00035834661844424644,120,384
12,20000000.0,15.0,8000.0,20500000000.0,0.28,250000000.0,5.0,1200000000.0,0.26,40000000.0,0.05,3,0.054353390962955224,60848995.31483817,0.000924462644703017,113,384
12,20000000.0,15.0,8000.0,20500000000.0,0.28,250000000.0,5.0,1200000000.0,0.26,40000000.0,0.05,4,0.06742234732047907,50526187.53012202,0.0021543062867322815,102,384
12,20000000.0,15.0,8000.0,20500000000.0,0.28,250000000.0,5.0,1200000000.0,0.26,40000000.0,0.05,5,0.08028593175501306,58609506.32371471,0.002994179696007265,95,384
12,20000000.0,15.0,8000.0,20500000000.0,0.28,250000000.0,5.0,1200000000.0,0.26,40000000.0,0.05,6,0.09295644475646923,58013972.83459267,0.0045553303706230685,88,384
12,20000000.0,15.0,8000.0,20500000000.0,0.28,250000000.0,5.0,1200000000.0,0.26,40000000.0,0.05,7,0.10544270440685088,72504695.62158123,0.006285025699566305,84,384
12,20000000.0,15.0,8000.0,20500000000.0,0.28,250000000.0,5.0,1200000000.0,0.26,40000000.0,0.05,8,0.11773533959604036,52450300.14125772,0.008200966427856966,78,384
12,20000000.0,15.0,8000.0,20500000000.0,0.28,250000000.0,5.0,1200000000.0,0.26,40000000.0,0.05,9,0.12982722549831713,84837398.8749775,0.010595809350430021,71,384
12,20000000.0,15.0,8000.0,20500000000.0,0.28,250000000.0,5.0,1200000000.0,0.26,40000000.0,0.05,10,0.14174569376051752,63159617.3232616,0.013312030790465034,66,384
12,20000000.0,15.0,8000.0,20500000000.0,0.28,250000000.0,5.0,1200000000.0,0.26,40000000.0,0.05,11,0.15346506315391154,55618927.105077565,0.015910603212821867,58,384
12,20000000.0,15.0,8000.0,20500000000.0,0.28,250000000.0,5.0,1200000000.0,0.26,40000000.0,0.05,12,0.16501040072636125,64032894.422924936,0.018755960936720634,56,384
12,20000000.0,15.0,8000.0,20500000000.0,0.28,250000000.0,5.0,1200000000.0,0.26,40000000.0,0.05,13,0.1763594029650114,79475642.41335887,0.022514173253619634,49,384
12,20000000.0,15.0,8000.0,20500000000.0,0.28,250000000.0,5.0,1200000000.0,0.26,40000000.0,0.05,14,0.18751944599436135,65269201.231896766,0.025636535034673908,40,384
13,20000000.0,15.0,8000.0,20500000000.0,0.28,25000000000.0,5.0,1200000000.0,0.26,10000000.0,0.15,0,0.013895418040526636,0.0010013646702385698,0.0,131,384
13,20000000.0,15.0,8000.0,20500000000.0,0.28,25000000000.0,5.0,1200000000.0,0.26,10000000.0,0.15,1,0.027635538528389906,4736204381.468344,0.0021176311524779092,131,375
13,20000000.0,15.0,8000.0,20500000000.0,0.28,25000000000.0,5.0,1200000000.0,0.26,10000000.0,0.15,2,0.04114938833048392,7705202122.564862,0.00860967875561531,128,371
13,20000000.0,15.0,8000.0,20500000000.0,0.28,25000000000.0,5.0,1200000000.0,0.26,10000000.0,0.15,3,0.05468024466149084,8381426323.919563,0.017605935087626798,110,360
13,20000000.0,15.0,8000.0,20500000000.0,0.28,25000000000.0,5.0,1200000000.0,0.26,10000000.0,0.15,4,0.06802209383975268,8831943822.52768,0.02646609437337472,110,349
13,20000000.0,15.0,8000.0,20500000000.0,0.28,25000000000.0,5.0,1200000000.0,0.26,10000000.0,0.15,5,0.08117632376775125,12922102061.851501,0.03519949693574161,109,348
13,20000000.0,15.0,8000.0,20500000000.0,0.28,25000000000.0,5.0,1200000000.0,0.26,10000000.0,0.15,6,0.09413471126827308,12425351125.884716,0.04378947268239628,108,348
13,20000000.0,15.0,8000.0,20500000000.0,0.28,25000000000.0,5.0,1200000000.0,0.26,10000000.0,0.15,7,0.1069001720769113,5043084369.184541,0.05225336045686195,108,327
13,20000000.0,15.0,8000.0,20500000000.0,0.28,25000000000.0,5.0,1200000000.0,0.26,10000000.0,0.15,8,0.11947557851928853,11098234965.9835,0.06058626639240912,108,318
13,20000000.0,15.0,8000.0,20500000000.0,0.28,25000000000.0,5.0,1200000000.0,0.26,10000000.0,0.15,9,0.1318637601573514,7845113478.277384,0.06880691900976695,107,310
13,20000000.0,15.0,8000.0,20500000000.0,0.28,25000000000.0,5.0,1200000000.0,0.26,10000000.0,0.15,10,0.1440675044260439,6853673116.722957,0.07690065274831723,107,309
13,20000000.0,15.0,8000.0,20500000000.0,0.28,25000000000.0,5.0,1200000000.0,0.26,10000000.0,0.15,11,0.15608955726050033,8328902479.890011,0.08487624857569934,107,305
13,20000000.0,15.0,8000.0,20500000000.0,0.28,25000000000.0,5.0,1200000000.0,0.26,10000000.0,0.15,12,0.1679326237139033,12186035314.254692,0.09272108586978461,107,298
13,20000000.0,15.0,8000.0,20500000000.0,0.28,25000000000.0,5.0,1200000000.0,0.26,10000000.0,0.15,13,0.17959936856614164,7888834479.915849,0.10045483670706537,107,289
13,20000000.0,15.0,8000.0,20500000000.0,0.28,25000000000.0,5.0,1200000000.0,0.26,10000000.0,0.15,14,0.1910924169234031,4945445386.166727,0.10807242195929855,107,286
14,20000000.0,15.0,8000.0,20500000000.0,0.28,25000000000.0,5.0,1200000000.0,0.26,10000000.0,0.05,0,0.013895418040526636,0.0010013646702385698,0.0,131,384
14,20000000.0,15.0,8000.0,20500000000.0,0.28,25000000000.0,5.0,1200000000.0,0.26,10000000.0,0.05,1,0.027635538528389906,4736204381.468344,0.0021176311524779092,131,375
14,20000000.0,15.0,8000.0,20500000000.0,0.28,25000000000.0,5.0,1200000000.0,0.26,10000000.0,0.05,2,0.04114938833048392,7705202122.564862,0.00860967875561531,128,371
14,20000000.0,15.0,8000.0,20500000000.0,0.28,25000000000.0,5.0,1200000000.0,0.26,10000000.0,0.05,3,0.05468024466149084,8381426323.919563,0.017605935087626798,110,360
14,20000000.0,15.0,8000.0,20500000000.0,0.28,25000000000.0,5.0,1200000000.0,0.26,10000000.0,0.05,4,0.06802209383975268,8831943822.52768,0.02646609437337472,110,349
14,20000000.0,15.0,8000.0,20500000000.0,0.28,25000000000.0,5.0,1200000000.0,0.26,10000000.0,0.05,5,0.08117632376775125,12922102061.851501,0.03519949693574161,109,348
14,20000000.0,15.0,8000.0,20500000000.0,0.28,25000000000.0,5.0,1200000000.0,0.26,10000000.0,0.05,6,0.09413471126827308,12425351125.884716,0.04378947268239628,108,348
14,20000000.0,15.0,8000.0,20500000000.0,0.28,25000000000.0,5.0,1200000000.0,0.26,10000000.0,0.05,7,0.1069001720769113,5043084369.184541,0.05225336045686195,108,327
14,20000000.0,15.0,8000.0,20500000000.0,0.28,25000000000.0,5.0,1200000000.0,0.26,10000000.0,0.05,8,0.11947557851928853,11098234965.9835,0.06058626639240912,108,318
14,20000000.0,15.0,8000.0,20500000000.0,0.28,25000000000.0,5.0,1200000000.0,0.26,10000000.0,0.05,9,0.1318637601573514,7845113478.277384,0.06880691900976695,107,310
14,20000000.0,15.0,8000.0,20500000000.0,0.28,25000000000.0,5.0,1200000000.0,0.26,10000000.0,0.05,10,0.1440675044260439,6853673116.722957,0.07690065274831723,107,309
14,20000000.0,15.0,8000.0,20500000000.0,0.28,25000000000.0,5.0,1200000000.0,0.26,10000000.0,0.05,11,0.15608955726050033,8328902479.890011,0.08487624857569934,107,305
14,20000000.0,15.0,8000.0,20500000000.0,0.28,25000000000.0,5.0,1200000000.0,0.26,10000000.0,0.05,12,0.1679326237139033,12186035314.254692,0.09272108586978461,107,298
14,20000000.0,15.0,8000.0,20500000000.0,0.28,25000000000.0,5.0,1200000000.0,0.26,10000000.0,0.05,13,0.17959936856614164,7888834479.915849,0.10045483670706537,107,289
14,20000000.0,15.0,8000.0,20500000000.0,0.28,25000000000.0,5.0,1200000000.0,0.26,10000000.0,0.05,14,0.1910924169234031,4945445386.166727,0.10807242195929855,107,286
15,20000000.0,15.0,8000.0,20500000000.0,0.28,25000000000.0,5.0,1200000000.0,0.26,40000000.0,0.15,0,0.013895418040526636,0.0010013646702385698,0.0,131,384
15,20000000.0,15.0,8000.0,20500000000.0,0.28,25000000000.0,5.0,1200000000.0,0.26,40000000.0,0.15,1,0.027666001265373538,9447219412.07396,0.000972974820776563,131,384
15,20000000.0,15.0,8000.0,20500000000.0,0.28,25000000000.0,5.0,1200000000.0,0.26,40000000.0,0.15,2,0.04115509919172893,6783730406.118358,0.003050716079323248,130,384
15,20000000.0,15.0,8000.0,20500000000.0,0.28,25000000000.0,5.0,1200000000.0,0.26,40000000.0,0.15,3,0.05474692698441167,7441077818.835637,0.0062615249247886815,122,376
15,20000000.0,15.0,8000.0,20500000000.0,0.28,25000000000.0,5.0,1200000000.0,0.26,40000000.0,0.15,4,0.06841728491686717,9815207529.776575,0.012394128039661027,115,374
15,20000000.0,15.0,8000.0,20500000000.0,0.28,25000000000.0,5.0,1200000000.0,0.26,40000000.0,0.15,5,0.08159645092204505,9626157986.524967,0.01843542790931564,114,374
15,20000000.0,15.0,8000.0,20500000000.0,0.28,25000000000.0,5.0,1200000000.0,0.26,40000000.0,0.15,6,0.09539402645601937,7962604232.71076,0.024386783872100488,113,374
15,20000000.0,15.0,8000.0,20500000000.0,0.28,25000000000.0,5.0,1200000000.0,0.26,40000000.0,0.15,7,0.10936885512305354,6262855122.006096,0.030249535028301678,113,374
15,20000000.0,15.0,8000.0,20500000000.0,0.28,25000000000.0,5.0,1200000000.0,0.26,40000000.0,0.15,8,0.1231356241480789,5964145196.973332,0.03602500054145073,113,374
15,20000000.0,15.0,8000.0,20500000000.0,0.28,25000000000.0,5.0,1200000000.0,0.26,40000000.0,0.15,9,0.1366974311586702,9594987278.026018,0.041714479935146605,113,374
15,20000000.0,15.0,8000.0,20500000000.0,0.28,25000000000.0,5.0,1200000000.0,0.26,40000000.0,0.15,10,0.15005732766439306,9421685699.150526,0.04731925338545872,113,374
15,20000000.0,15.0,8000.0,20500000000.0,0.28,25000000000.0,5.0,1200000000.0,0.26,40000000.0,0.15,11,0.1632183197434151,6615515950.945146,0.05284058200897568,113,374
15,20000000.0,15.0,8000.0,20500000000.0,0.28,25000000000.0,5.0,1200000000.0,0.26,40000000.0,0.15,12,0.17618336871889834,8861470487.313087,0.05827970814656655,113,374
15,20000000.0,15.0,8000.0,20500000000.0,0.28,25000000000.0,5.0,1200000000.0,0.26,40000000.0,0.15,13,0.18895539182531862,8975589505.259684,0.06363785564291684,113,374
15,20000000.0,15.0,8000.0,20500000000.0,0.28,25000000000.0,5.0,1200000000.0,0.26,40000000.0,0.15,14,0.20153726286486498,10919557924.776392,0.06891623012190243,113,372
16,20000000.0,15.0,8000.0,20500000000.0,0.28,25000000000.0,5.0,1200000000.0,0.26,40000000.0,0.05,0,0.013895418040526636,0.0010013646702385698,0.0,131,384
16,20000000.0,15.0,8000.0,20500000000.0,0.28,25000000000.0,5.0,1200000000.0,0.26,40000000.0,0.05,1,0.027666001265373538,9447219412.07396,0.000972974820776563,131,384
16,20000000.0,15.0,8000.0,20500000000.0,0.28,25000000000.0,5.0,1200000000.0,0.26,40000000.0,0.05,2,0.04115509919172893,6783730406.118358,0.003050716079323248,130,384
16,20000000.0,15.0,8000.0,20500000000.0,0.28,25000000000.0,5.0,1200000000.0,0.26,40000000.0,0.05,3,0.05474692698441167,7441077818.835637,0.0062615249247886815,122,376
16,20000000.0,15.0,8000.0,20500000000.0,0.28,25000000000.0,5.0,1200000000.0,0.26,40000000.0,0.05,4,0.06841728491686717,9815207529.776575,0.012394128039661027,115,374
16,20000000.0,15.0,8000.0,20500000000.0,0.28,25000000000.0,5.0,1200000000.0,0.26,40000000.0,0.05,5,0.08159645092204505,9626157986.524967,0.01843542790931564,114,374
16,20000000.0,15.0,8000.0,20500000000.0,0.28,25000000000.0,5.0,1200000000.0,0.26,40000000.0,0.05,6,0.09539402645601937,7962604232.71076,0.024386783872100488,113,374
16,20000000.0,15.0,8000.0,20500000000.0,0.28,25000000000.0,5.0,1200000000.0,0.26,40000000.0,0.05,7,0.10936885512305354,6262855122.006096,0.030249535028301678,113,374
16,20000000.0,15.0,8000.0,20500000000.0,0.28,25000000000.0,5.0,1200000000.0,0.26,40000000.0,0.05,8,0.1231356241480789,5964145196.973332,0.03602500054145073,113,374
16,20000000.0,15.0,8000.0,20500000000.0,0.28,25000000000.0,5.0,1200000000.0,0.26,40000000.0,0.05,9,0.1366974311586702,9594987278.026018,0.041714479935146605,113,374
16,20000000.0,15.0,8000.0,20500000000.0,0.28,25000000000.0,5.0,1200000000.0,0.26,40000000.0,0.05,10,0.15005732766439306,9421685699.150526,0.04731925338545872,113,374
16,20000000.0,15.0,8000.0,20500000000.0,0.28,25000000000.0,5.0,1200000000.0,0.26,40000000.0,0.05,11,0.1632183197434151,6615515950.945146,0.05284058200897568,113,374
16,20000000.0,15.0,8000.0,20500000000.0,0.28,25000000000.0,5.0,1200000000.0,0.26,40000000.0,0.05,12,0.17618336871889834,8861470487.313087,0.05827970814656655,113,374
16,20000000.0,15.0,8000.0,20500000000.0,0.28,25000000000.0,5.0,1200000000.0,0.26,40000000.0,0.05,13,0.18895539182531862,8975589505.259684,0.06363785564291684,113,374
16,20000000.0,15.0,8000.0,20500000000.0,0.28,25000000000.0,5.0,1200000000.0,0.26,40000000.0,0.05,14,0.20153726286486498,10919557924.776392,0.06891623012190243,113,372
17,20000000.0,50.0,3000.0,20500000000.0,0.28,250000000.0,5.0,1200000000.0,0.26,10000000.0,0.15,0,0.013655411276284609,0.0008898990652496419,0.0,131,384
17,20000000.0,50.0,3000.0,20500000000.0,0.28,250000000.0,5.0,1200000000.0,0.26,10000000.0,0.15,1,0.026645781843863174,76009398.19248001,0.0011486878557528135,127,376
17,20000000.0,50.0,3000.0,20500000000.0,0.28,250000000.0,5.0,1200000000.0,0.26,10000000.0,0.15,2,0.039001568125409856,61166083.18451076,0.005009377184747836,122,375
17,20000000.0,50.0,3000.0,20500000000.0,0.28,250000000.0,5.0,1200000000.0,0.26,10000000.0,0.15,3,0.050754864523046915,174142682.69952118,0.012999187550120379,117,375
17,20000000.0,50.0,3000.0,20500000000.0,0.28,250000000.0,5.0,1200000000.0,0.26,10000000.0,0.15,4,0.06191995827428333,216045892.89483193,0.024106628331954216,111,373
17,20000000.0,50.0,3000.0,20500000000.0,0.28,250000000.0,5.0,1200000000.0,0.26,10000000.0,0.15,5,0.07433530891163471,154861475.13849452,0.0368466047230811,104,372
17,20000000.0,50.0,3000.0,20500000000.0,0.28,250000000.0,5.0,1200000000.0,0.26,10000000.0,0.15,6,0.08660328110021637,171115438.12551373,0.04910103978851965,96,371
17,20000000.0,50.0,3000.0,20500000000.0,0.28,250000000.0,5.0,1200000000.0,0.26,10000000.0,0.15,7,0.09827292263740421,209099673.31297767,0.060867608265654446,93,358
17,20000000.0,50.0,3000.0,20500000000.0,0.28,250000000.0,5.0,1200000000.0,0.26,10000000.0,0.15,8,0.10393382957956165,130066520.98717329,0.07418607698637397,90,354
17,20000000.0,50.0,3000.0,20500000000.0,0.28,250000000.0,5.0,1200000000.0,0.26,10000000.0,0.15,9,0.11177677630803436,200216362.74556252,0.08694827105897947,81,354
17,20000000.0,50.0,3000.0,20500000000.0,0.28,250000000.0,5.0,1200000000.0,0.26,10000000.0,0.15,10,0.12192647476095411,97536999.24087135,0.09925829788334904,79,351
17,20000000.0,50.0,3000.0,20500000000.0,0.28,250000000.0,5.0,1200000000.0,0.26,10000000.0,0.15,11,0.13158115451042116,136161561.69207296,0.11122487302292658,75,351
17,20000000.0,50.0,3000.0,20500000000.0,0.28,250000000.0,5.0,1200000000.0,0.26,10000000.0,0.15,12,0.1379852824695539,83602171.38883162,0.12415135604377271,70,351
17,20000000.0,50.0,3000.0,20500000000.0,0.28,250000000.0,5.0,1200000000.0,0.26,10000000.0,0.15,13,0.143170766351646,87173942.95019622,0.13615045050787605,70,351
17,20000000.0,50.0,3000.0,20500000000.0,0.28,250000000.0,5.0,1200000000.0,0.26,10000000.0,0.15,14,0.1513070528301856,102025059.58369872,0.14918084853939978,67,351
18,20000000.0,50.0,3000.0,20500000000.0,0.28,250000000.0,5.0,1200000000.0,0.26,10000000.0,0.05,0,0.013655411276284609,0.0008898990652496419,0.0,131,384
18,20000000.0,50.0,3000.0,20500000000.0,0.28,250000000.0,5.0,1200000000.0,0.26,10000000.0,0.05,1,0.026645781843863174,76009398.19248001,0.0011486878557528135,127,376
18,20000000.0,50.0,3000.0,20500000000.0,0.28,250000000.0,5.0,1200000000.0,0.26,10000000.0,0.05,2,0.039001568125409856,61166083.18451076,0.005009377184747836,122,375
18,20000000.0,50.0,3000.0,20500000000.0,0.28,250000000.0,5.0,1200000000.0,0.26,10000000.0,0.05,3,0.050754864523046915,174142682.69952118,0.012999187550120379,117,375
18,20000000.0,50.0,3000.0,20500000000.0,0.28,250000000.0,5.0,1200000000.0,0.26,10000000.0,0.05,4,0.06191995827428333,216045892.89483193,0.024106628331954216,111,373
18,20000000.0,50.0,3000.0,20500000000.0,0.28,250000000.0,5.0,1200000000.0,0.26,10000000.0,0.05,5,0.07433530891163471,154861475.13849452,0.0368466047230811,104,372
18,20000000.0,50.0,3000.0,20500000000.0,0.28,250000000.0,5.0,1200000000.0,0.26,10000000.0,0.05,6,0.08660328110021637,171115438.12551373,0.04910103978851965,96,371
18,20000000.0,50.0,3000.0,20500000000.0,0.28,250000000.0,5.0,1200000000.0,0.26,10000000.0,0.05,7,0.09827292263740421,209099673.31297767,0.060867608265654446,93,358
18,20000000.0,50.0,3000.0,20500000000.0,0.28,250000000.0,5.0,1200000000.0,0.26,10000000.0,0.05,8,0.10393382957956165,130066520.98717329,0.07418607698637397,90,354
18,20000000.0,50.0,3000.0,20500000000.0,0.28,250000000.0,5.0,1200000000.0,0.26,10000000.0,0.05,9,0.11177677630803436,200216362.74556252,0.08694827105897947,81,354
18,20000000.0,50.0,3000.0,20500000000.0,0.28,250000000.0,5.0,1200000000.0,0.26,10000000.0,0.05,10,0.12192647476095411,97536999.24087135,0.09925829788334904,79,351
18,20000000.0,50.0,3000.0,20500000000.0,0.28,250000000.0,5.0,1200000000.0,0.26,10000000.0,0.05,11,0.13158115451042116,136161561.69207296,0.11122487302292658,75,351
18,20000000.0,50.0,3000.0,20500000000.0,0.28,250000000.0,5.0,1200000000.0,0.26,10000000.0,0.05,12,0.1379852824695539,83602171.38883162,0.12415135604377271,70,351
18,20000000.0,50.0,3000.0,20500000000.0,0.28,250000000.0,5.0,1200000000.0,0.26,10000000.0,0.05,13,0.143170766351646,87173942.95019622,0.13615045050787605,70,351
18,20000000.0,50.0,3000.0,20500000000.0,0.28,250000000.0,5.0,1200000000.0,0.26,10000000.0,0.05,14,0.1513070528301856,102025059.58369872,0.14918084853939978,67,351
19,20000000.0,50.0,3000.0,20500000000.0,0.28,250000000.0,5.0,1200000000.0,0.26,40000000.0,0.15,0,0.013655411276284609,0.0008898990652496419,0.0,131,384
19,20000000.0,50.0,3000.0,20500000000.0,0.28,250000000.0,5.0,1200000000.0,0.26,40000000.0,0.15,1,0.02664578197994772,76036987.9285572,0.0003594262368883829,127,384
19,20000000.0,50.0,3000.0,20500000000.0,0.28,250000000.0,5.0,1200000000.0,0.26,40000000.0,0.15,2,0.03900156756423829,62828191.04079681,0.00035900492249886767,122,384
19,20000000.0,50.0,3000.0,20500000000.0,0.28,250000000.0,5.0,1200000000.0,0.26,40000000.0,0.15,3,0.05075486808972265,166099371.24738103,0.0009342555423278464,113,384
19,20000000.0,50.0,3000.0,20500000000.0,0.28,250000000.0,5.0,1200000000.0,0.26,40000000.0,0.15,4,0.0619188095991734,41119586.96602459,0.0014187271579164267,106,384
19,20000000.0,50.0,3000.0,20500000000.0,0.28,250000000.0,5.0,1200000000.0,0.26,40000000.0,0.15,5,0.07252790611337005,55604125.673864275,0.002086989404517365,102,384
19,20000000.0,50.0,3000.0,20500000000.0,0.28,250000000.0,5.0,1200000000.0,0.26,40000000.0,0.15,6,0.082623077274617,82768377.61312006,0.0031881284503686293,95,384
19,20000000.0,50.0,3000.0,20500000000.0,0.28,250000000.0,5.0,1200000000.0,0.26,40000000.0,0.15,7,0.09221798628207101,77245006.69892974,0.00432914900147138,88,384
19,20000000.0,50.0,3000.0,20500000000.0,0.28,250000000.0,5.0,1200000000.0,0.26,40000000.0,0.15,8,0.10134929569731489,86453712.04805844,0.005610053073856233,86,384
19,20000000.0,50.0,3000.0,20500000000.0,0.28,250000000.0,5.0,1200000000.0,0.26,40000000.0,0.15,9,0.11000827842717546,74576971.75410968,0.007140837895469922,80,384
19,20000000.0,50.0,3000.0,20500000000.0,0.28,250000000.0,5.0,1200000000.0,0.26,40000000.0,0.15,10,0.11824443327375776,47479779.16254207,0.008428325737707984,78,384
19,20000000.0,50.0,3000.0,20500000000.0,0.28,250000000.0,5.0,1200000000.0,0.26,40000000.0,0.15,11,0.12606319672023708,156435949.4085567,0.009766322079230663,72,384
19,20000000.0,50.0,3000.0,20500000000.0,0.28,250000000.0,5.0,1200000000.0,0.26,40000000.0,0.15,12,0.13352159467965627,103771186.81045917,0.011676726631227093,71,384
19,20000000.0,50.0,3000.0,20500000000.0,0.28,250000000.0,5.0,1200000000.0,0.26,40000000.0,0.15,13,0.1405920836419494,41959315.056016475,0.013488228820313164,65,384
19,20000000.0,50.0,3000.0,20500000000.0,0.28,250000000.0,5.0,1200000000.0,0.26,40000000.0,0.15,14,0.1472999214230299,44445541.6182703,0.0147636765715546,63,384
20,20000000.0,50.0,3000.0,20500000000.0,0.28,250000000.0,5.0,1200000000.0,0.26,40000000.0,0.05,0,0.013655411276284609,0.0008898990652496419,0.0,131,384
20,20000000.0,50.0,3000.0,20500000000.0,0.28,250000000.0,5.0,1200000000.0,0.26,40000000.0,0.05,1,0.02664578197994772,76036987.9285572,0.0003594262368883829,127,384
20,20000000.0,50.0,3000.0,20500000000.0,0.28,250000000.0,5.0,1200000000.0,0.26,40000000.0,0.05,2,0.03900156756423829,62828191.04079681,0.00035900492249886767,122,384
20,20000000.0,50.0,3000.0,20500000000.0,0.28,250000000.0,5.0,1200000000.0,0.26,40000000.0,0.05,3,0.05075486808972265,166099371.24738103,0.0009342555423278464,113,384
20,20000000.0,50.0,3000.0,20500000000.0,0.28,250000000.0,5.0,1200000000.0,0.26,40000000.0,0.05,4,0.0619188095991734,41119586.96602459,0.0014187271579164267,106,384
20,20000000.0,50.0,3000.0,20500000000.0,0.28,250000000.0,5.0,1200000000.0,0.26,40000000.0,0.05,5,0.07252790611337005,55604125.673864275,0.002086989404517365,102,384
20,20000000.0,50.0,3000.0,20500000000.0,0.28,250000000.0,5.0,1200000000.0,0.26,40000000.0,0.05,6,0.082623077274617,82768377.61312006,0.0031881284503686293,95,384
20,20000000.0,50.0,3000.0,20500000000.0,0.28,250000000.0,5.0,1200000000.0,0.26,40000000.0,0.05,7,0.09221798628207101,77245006.69892974,0.00432914900147138,88,384
20,20000000.0,50.0,3000.0,20500000000.0,0.28,250000000.0,5.0,1200000000.0,0.26,40000000.0,0.05,8,0.10134929569731489,86453712.04805844,0.005610053073856233,86,384
20,20000000.0,50.0,3000.0,20500000000.0,0.28,250000000.0,5.0,1200000000.0,0.26,40000000.0,0.05,9,0.11000827842717546,74576971.75410968,0.007140837895469922,80,384
20,20000000.0,50.0,3000.0,20500000000.0,0.28,250000000.0,5.0,1200000000.0,0.26,40000000.0,0.05,10,0.11824443327375776,47479779.16254207,0.008428325737707984,78,384
20,20000000.0,50.0,3000.0,20500000000.0,0.28,250000000.0,5.0,1200000000.0,0.26,40000000.0,0.05,11,0.12606319672023708,156435949.4085567,0.009766322079230663,72,384
20,20000000.0,50.0,3000.0,20500000000.0,0.28,250000000.0,5.0,1200000000.0,0.26,40000000.0,0.05,12,0.13352159467965627,103771186.81045917,0.011676726631227093,71,384
20,20000000.0,50.0,3000.0,20500000000.0,0.28,250000000.0,5.0,1200000000.0,0.26,40000000.0,0.05,13,0.1405920836419494,41959315.056016475,0.013488228820313164,65,384
20,20000000.0,50.0,3000.0,20500000000.0,0.28,250000000.0,5.0,1200000000.0,0.26,40000000.0,0.05,14,0.1472999214230299,44445541.6182703,0.0147636765715546,63,384
21,20000000.0,50.0,3000.0,20500000000.0,0.28,25000000000.0,5.0,1200000000.0,0.26,10000000.0,0.15,0,0.013655411276284609,0.0008898990652496419,0.0,131,384
21,20000000.0,50.0,3000.0,20500000000.0,0.28,25000000000.0,5.0,1200000000.0,0.26,10000000.0,0.15,1,0.02671825385443526,8835712102.97108,0.0017476424821202456,131,370
21,20000000.0,50.0,3000.0,20500000000.0,0.28,25000000000.0,5.0,1200000000.0,0.26,10000000.0,0.15,2,0.039177753626818704,5160622398.340556,0.009633297539086667,124,369
21,20000000.0,50.0,3000.0,20500000000.0,0.28,25000000000.0,5.0,1200000000.0,0.26,10000000.0,0.15,3,0.05106035105530132,6413224320.293626,0.017134355284095387,114,358
21,20000000.0,50.0,3000.0,20500000000.0,0.28,25000000000.0,5.0,1200000000.0,0.26,10000000.0,0.15,4,0.06242524208578215,4682478945.270187,0.024269573206701315,114,349
21,20000000.0,50.0,3000.0,20500000000.0,0.28,25000000000.0,5.0,1200000000.0,0.26,10000000.0,0.15,5,0.07323584732650437,4535473784.0352335,0.031056793960594915,114,349
21,20000000.0,50.0,3000.0,20500000000.0,0.28,25000000000.0,5.0,1200000000.0,0.26,10000000.0,0.15,6,0.08351920027351327,5427245884.495028,0.047009076647780826,114,344
21,20000000.0,50.0,3000.0,20500000000.0,0.28,25000000000.0,5.0,1200000000.0,0.26,10000000.0,0.15,7,0.09330101595154959,5822512723.255992,0.06281090054003892,114,337
21,20000000.0,50.0,3000.0,20500000000.0,0.28,25000000000.0,5.0,1200000000.0,0.26,10000000.0,0.15,8,0.10260575521822109,7455159500.707551,0.06980386896755275,114,337
21,20000000.0,50.0,3000.0,20500000000.0,0.28,25000000000.0,5.0,1200000000.0,0.26,10000000.0,0.15,9,0.11145668593194692,8577422835.415594,0.08289669978850736,114,333
21,20000000.0,50.0,3000.0,20500000000.0,0.28,25000000000.0,5.0,1200000000.0,0.26,10000000.0,0.15,10,0.11987594113663369,11152894327.503504,0.09755874375690979,114,325
21,20000000.0,50.0,3000.0,20500000000.0,0.28,25000000000.0,5.0,1200000000.0,0.26,10000000.0,0.15,11,0.1278845744085809,7447677822.006877,0.10675316384527897,114,325
21,20000000.0,50.0,3000.0,20500000000.0,0.28,25000000000.0,5.0,1200000000.0,0.26,10000000.0,0.15,12,0.1355026125040218,6133472571.48954,0.12475283238274959,114,325
21,20000000.0,50.0,3000.0,20500000000.0,0.28,25000000000.0,5.0,1200000000.0,0.26,10000000.0,0.15,13,0.14274910543894903,10138824733.209303,0.1424201497654364,114,325
21,20000000.0,50.0,3000.0,20500000000.0,0.28,25000000000.0,5.0,1200000000.0,0.26,10000000.0,0.15,14,0.14964217412645966,5601204233.768701,0.15915043476825666,114,317
22,20000000.0,50.0,3000.0,20500000000.0,0.28,25000000000.0,5.0,1200000000.0,0.26,10000000.0,0.05,0,0.013655411276284609,0.0008898990652496419,0.0,131,384
22,20000000.0,50.0,3000.0,20500000000.0,0.28,25000000000.0,5.0,1200000000.0,0.26,10000000.0,0.05,1,0.02671825385443526,8835712102.97108,0.0017476424821202456,131,370
22,20000000.0,50.0,3000.0,20500000000.0,0.28,25000000000.0,5.0,1200000000.0,0.26,10000000.0,0.05,2,0.039177753626818704,5160622398.340556,0.009633297539086667,124,369
22,20000000.0,50.0,3000.0,20500000000.0,0.28,25000000000.0,5.0,1200000000.0,0.26,10000000.0,0.05,3,0.05106035105530132,6413224320.293626,0.017134355284095387,114,358
22,20000000.0,50.0,3000.0,20500000000.0,0.28,25000000000.0,5.0,1200000000.0,0.26,10000000.0,0.05,4,0.06242524208578215,4682478945.270187,0.024269573206701315,114,349
22,20000000.0,50.0,3000.0,20500000000.0,0.28,25000000000.0,5.0,1200000000.0,0.26,10000000.0,0.05,5,0.07323584732650437,4535473784.0352335,0.031056793960594915,114,349
22,20000000.0,50.0,3000.0,20500000000.0,0.28,25000000000.0,5.0,1200000000.0,0.26,10000000.0,0.05,6,0.08351920027351327,5427245884.495028,0.047009076647780826,114,344
22,20000000.0,50.0,3000.0,20500000000.0,0.28,25000000000.0,5.0,1200000000.0,0.26,10000000.0,0.05,7,0.09330101595154959,5822512723.255992,0.06281090054003892,114,337
22,20000000.0,50.0,3000.0,20500000000.0,0.28,25000000000.0,5.0,1200000000.0,0.26,10000000.0,0.05,8,0.10260575521822109,7455159500.707551,0.06980386896755275,114,337
22,20000000.0,50.0,3000.0,20500000000.0,0.28,25000000000.0,5.0,1200000000.0,0.26,10000000.0,0.05,9,0.11145668593194692,8577422835.415594,0.08289669978850736,114,333
22,20000000.0,50.0,3000.0,20500000000.0,0.28,25000000000.0,5.0,1200000000.0,0.26,10000000.0,0.05,10,0.11987594113663369,11152894327.503504,0.09755874375690979,114,325
22,20000000.0,50.0,3000.0,20500000000.0,0.28,25000000000.0,5.0,1200000000.0,0.26,10000000.0,0.05,11,0.1278845744085809,7447677822.006877,0.10675316384527897,114,325
22,20000000.0,50.0,3000.0,20500000000.0,0.28,25000000000.0,5.0,1200000000.0,0.26,10000000.0,0.05,12,0.1355026125040218,6133472571.48954,0.12475283238274959,114,325
22,20000000.0,50.0,3000.0,20500000000.0,0.28,25000000000.0,5.0,1200000000.0,0.26,10000000.0,0.05,13,0.14274910543894903,10138824733.209303,0.1424201497654364,114,325
22,20000000.0,50.0,3000.0,20500000000.0,0.28,25000000000.0,5.0,1200000000.0,0.26,10000000.0,0.05,14,0.14964217412645966,5601204233.768701,0.15915043476825666,114,317
23,20000000.0,50.0,3000.0,20500000000.0,0.28,25000000000.0,5.0,1200000000.0,0.26,40000000.0,0.15,0,0.013655411276284609,0.0008898990652496419,0.0,131,384
23,20000000.0,50.0,3000.0,20500000000.0,0.28,25000000000.0,5.0,1200000000.0,0.26,40000000.0,0.15,1,0.02671976591642321,9811549887.922932,0.000784053198504081,131,384
23,20000000.0,50.0,3000.0,20500000000.0,0.28,25000000000.0,5.0,1200000000.0,0.26,40000000.0,0.15,2,0.03919735594064191,5908972980.832356,0.002764050960136412,131,384
23,20000000.0,50.0,3000.0,20500000000.0,0.28,25000000000.0,5.0,1200000000.0,0.26,40000000.0,0.15,3,0.051372601481295396,7284526586.245548,0.005530211642844771,121,384
23,20000000.0,50.0,3000.0,20500000000.0,0.28,25000000000.0,5.0,1200000000.0,0.26,40000000.0,0.15,4,0.06368230654116327,8871145809.661945,0.009825349760876624,115,384
23,20000000.0,50.0,3000.0,20500000000.0,0.28,25000000000.0,5.0,1200000000.0,0.26,40000000.0,0.15,5,0.07539164556386431,6950752693.598419,0.015227551886396353,115,384
23,20000000.0,50.0,3000.0,20500000000.0,0.28,25000000000.0,5.0,1200000000.0,0.26,40000000.0,0.15,6,0.08652989946042144,6083830962.177208,0.021155993079600584,115,384
23,20000000.0,50.0,3000.0,20500000000.0,0.28,25000000000.0,5.0,1200000000.0,0.26,40000000.0,0.15,7,0.09712492106015988,12260736256.948833,0.025298143259845467,115,384
23,20000000.0,50.0,3000.0,20500000000.0,0.28,25000000000.0,5.0,1200000000.0,0.26,40000000.0,0.15,8,0.10720320476076918,10074002219.761017,0.028557703839419076,115,384
23,20000000.0,50.0,3000.0,20500000000.0,0.28,25000000000.0,5.0,1200000000.0,0.26,40000000.0,0.15,9,0.11678995278141277,8154127699.723087,0.031752791693510585,115,384
23,20000000.0,50.0,3000.0,20500000000.0,0.28,25000000000.0,5.0,1200000000.0,0.26,40000000.0,0.15,10,0.12590913818455396,10917164370.991562,0.03248670853691696,115,384
23,20000000.0,50.0,3000.0,20500000000.0,0.28,25000000000.0,5.0,1200000000.0,0.26,40000000.0,0.15,11,0.13458356482409828,5997478611.698764,0.033720626627769035,115,384
23,20000000.0,50.0,3000.0,20500000000.0,0.28,25000000000.0,5.0,1200000000.0,0.26,40000000.0,0.15,12,0.14283492436975567,8480052783.577808,0.03487144929175877,115,384
23,20000000.0,50.0,3000.0,20500000000.0,0.28,25000000000.0,5.0,1200000000.0,0.26,40000000.0,0.15,13,0.15068385055022868,8269387996.603041,0.03606440344114921,115,384
23,20000000.0,50.0,3000.0,20500000000.0,0.28,25000000000.0,5.0,1200000000.0,0.26,40000000.0,0.15,14,0.15814997075086146,8810031739.92421,0.03889311293236256,115,384
24,20000000.0,50.0,3000.0,20500000000.0,0.28,25000000000.0,5.0,1200000000.0,0.26,40000000.0,0.05,0,0.013655411276284609,0.0008898990652496419,0.0,131,384
24,20000000.0,50.0,3000.0,20500000000.0,0.28,25000000000.0,5.0,1200000000.0,0.26,40000000.0,0.05,1,0.02671976591642321,9811549887.922932,0.000784053198504081,131,384
24,20000000.0,50.0,3000.0,20500000000.0,0.28,25000000000.0,5.0,1200000000.0,0.26,40000000.0,0.05,2,0.03919735594064191,5908972980.832356,0.002764050960136412,131,384
24,20000000.0,50.0,3000.0,20500000000.0,0.28,25000000000.0,5.0,1200000000.0,0.26,40000000.0,0.05,3,0.051372601481295396,7284526586.245548,0.005530211642844771,121,384
24,20000000.0,50.0,3000.0,20500000000.0,0.28,25000000000.0,5.0,1200000000.0,0.26,40000000.0,0.05,4,0.06368230654116327,8871145809.661945,0.009825349760876624,115,384
24,20000000.0,50.0,3000.0,20500000000.0,0.28,25000000000.0,5.0,1200000000.0,0.26,40000000.0,0.05,5,0.07539164556386431,6950752693.598419,0.015227551886396353,115,384
24,20000000.0,50.0,3000.0,20500000000.0,0.28,25000000000.0,5.0,1200000000.0,0.26,40000000.0,0.05,6,0.08652989946042144,6083830962.177208,0.021155993079600584,115,384
24,20000000.0,50.0,3000.0,20500000000.0,0.28,25000000000.0,5.0,1200000000.0,0.26,40000000.0,0.05,7,0.09712492106015988,12260736256.948833,0.025298143259845467,115,384
24,20000000.0,50.0,3000.0,20500000000.0,0.28,25000000000.0,5.0,1200000000.0,0.26,40000000.0,0.05,8,0.10720320476076918,10074002219.761017,0.028557703839419076,115,384
24,20000000.0,50.0,3000.0,20500000000.0,0.28,25000000000.0,5.0,1200000000.0,0.26,40000000.0,0.05,9,0.11678995278141277,8154127699.723087,0.031752791693510585,115,384
24,20000000.0,50.0,3000.0,20500000000.0,0.28,25000000000.0,5.0,1200000000.0,0.26,40000000.0,0.05,10,0.12590913818455396,10917164370.991562,0.03248670853691696,115,384
24,20000000.0,50.0,3000.0,20500000000.0,0.28,25000000000.0,5.0,1200000000.0,0.26,40000000.0,0.05,11,0.13458356482409828,5997478611.698764,0.033720626627769035,115,384
24,20000000.0,50.0,3000.0,20500000000.0,0.28,25000000000.0,5.0,1200000000.0,0.26,40000000.0,0.05,12,0.14283492436975567,8480052783.577808,0.03487144929175877,115,384
24,20000000.0,50.0,3000.0,20500000000.0,0.28,25000000000.0,5.0,1200000000.0,0.26,40000000.0,0.05,13,0.15068385055022868,8269387996.603041,0.03606440344114921,115,384
24,20000000.0,50.0,3000.0,20500000000.0,0.28,25000000000.0,5.0,1200000000.0,0.26,40000000.0,0.05,14,0.15814997075086146,8810031739.92421,0.03889311293236256,115,384
25,20000000.0,50.0,8000.0,20500000000.0,0.28,250000000.0,5.0,1200000000.0,0.26,10000000.0,0.15,0,0.013655411276284609,0.0008898990652496419,0.0,131,384
25,20000000.0,50.0,8000.0,20500000000.0,0.28,250000000.0,5.0,1200000000.0,0.26,10000000.0,0.15,1,0.026645703262343577,50993886.17994055,0.0012569496338696062,127,376
25,20000000.0,50.0,8000.0,20500000000.0,0.28,250000000.0,5.0,1200000000.0,0.26,10000000.0,0.15,2,0.03900146144694822,41821082.24952232,0.006284400805139302,122,374
25,20000000.0,50.0,8000.0,20500000000.0,0.28,250000000.0,5.0,1200000000.0,0.26,10000000.0,0.15,3,0.050754784303700735,131332458.90366761,0.01578882157740369,117,374
25,20000000.0,50.0,8000.0,20500000000.0,0.28,250000000.0,5.0,1200000000.0,0.26,10000000.0,0.15,4,0.061920204926099474,190662407.70943335,0.02753594201850994,112,373
25,20000000.0,50.0,8000.0,20500000000.0,0.28,250000000.0,5.0,1200000000.0,0.26,10000000.0,0.15,5,0.07353883066949912,110786999.42222933,0.04039319494407293,105,373
25,20000000.0,50.0,8000.0,20500000000.0,0.28,250000000.0,5.0,1200000000.0,0.26,10000000.0,0.15,6,0.08476528819531177,174363225.16729885,0.052593149436032174,103,373
25,20000000.0,50.0,8000.0,20500000000.0,0.28,250000000.0,5.0,1200000000.0,0.26,10000000.0,0.15,7,0.09224204117616802,136900604.3977481,0.06415204013295124,98,368
25,20000000.0,50.0,8000.0,20500000000.0,0.28,250000000.0,5.0,1200000000.0,0.26,10000000.0,0.15,8,0.1013387596407881,142773560.30503225,0.07607893937087647,90,367
25,20000000.0,50.0,8000.0,20500000000.0,0.28,250000000.0,5.0,1200000000.0,0.26,10000000.0,0.15,9,0.11021252477030173,105661086.19858909,0.08730617030500536,77,361
25,20000000.0,50.0,8000.0,20500000000.0,0.28,250000000.0,5.0,1200000000.0,0.26,10000000.0,0.15,10,0.11880802688677067,154908975.11018983,0.09794663046898335,77,353
25,20000000.0,50.0,8000.0,20500000000.0,0.28,250000000.0,5.0,1200000000.0,0.26,10000000.0,0.15,11,0.12716065746269326,179427611.03730312,0.1083021457481307,74,352
25,20000000.0,50.0,8000.0,20500000000.0,0.28,250000000.0,5.0,1200000000.0,0.26,10000000.0,0.15,12,0.1346363075116365,137800182.17767695,0.11898172798489837,71,352
25,20000000.0,50.0,8000.0,20500000000.0,0.28,250000000.0,5.0,1200000000.0,0.26,10000000.0,0.15,13,0.14279587124525503,158847761.10415086,0.1289453447445403,71,352
25,20000000.0,50.0,8000.0,20500000000.0,0.28,250000000.0,5.0,1200000000.0,0.26,10000000.0,0.15,14,0.1505574786574229,134286490.2781248,0.13905674476733507,66,352
26,20000000.0,50.0,8000.0,20500000000.0,0.28,250000000.0,5.0,1200000000.0,0.26,10000000.0,0.05,0,0.013655411276284609,0.0008898990652496419,0.0,131,384
26,20000000.0,50.0,8000.0,20500000000.0,0.28,250000000.0,5.0,1200000000.0,0.26,10000000.0,0.05,1,0.026645703262343577,50993886.17994055,0.0012569496338696062,127,376
26,20000000.0,50.0,8000.0,20500000000.0,0.28,250000000.0,5.0,1200000000.0,0.26,10000000.0,0.05,2,0.03900146144694822,41821082.24952232,0.006284400805139302,122,374
26,20000000.0,50.0,8000.0,20500000000.0,0.28,250000000.0,5.0,1200000000.0,0.26,10000000.0,0.05,3,0.050754784303700735,131332458.90366761,0.01578882157740369,117,374
26,20000000.0,50.0,8000.0,20500000000.0,0.28,250000000.0,5.0,1200000000.0,0.26,10000000.0,0.05,4,0.061920204926099474,190662407.70943335,0.02753594201850994,112,373
26,20000000.0,50.0,8000.0,20500000000.0,0.28,250000000.0,5.0,1200000000.0,0.26,10000000.0,0.05,5,0.07353883066949912,110786999.42222933,0.04039319494407293,105,373
26,20000000.0,50.0,8000.0,20500000000.0,0.28,250000000.0,5.0,1200000000.0,0.26,10000000.0,0.05,6,0.08476528819531177,174363225.16729885,0.052593149436032174,103,373
26,20000000.0,50.0,8000.0,20500000000.0,0.28,250000000.0,5.0,1200000000.0,0.26,10000000.0,0.05,7,0.09224204117616802,136900604.3977481,0.06415204013295124,98,368
26,20000000.0,50.0,8000.0,20500000000.0,0.28,250000000.0,5.0,1200000000.0,0.26,10000000.0,0.05,8,0.1013387596407881,142773560.30503225,0.07607893937087647,90,367
26,20000000.0,50.0,8000.0,20500000000.0,0.28,250000000.0,5.0,1200000000.0,0.26,10000000.0,0.05,9,0.11021252477030173,105661086.19858909,0.08730617030500536,77,361
26,20000000.0,50.0,8000.0,20500000000.0,0.28,250000000.0,5.0,1200000000.0,0.26,10000000.0,0.05,10,0.11880802688677067,154908975.11018983,0.09794663046898335,77,353
26,20000000.0,50.0,8000.0,20500000000.0,0.28,250000000.0,5.0,1200000000.0,0.26,10000000.0,0.05,11,0.12716065746269326,179427611.03730312,0.1083021457481307,74,352
26,20000000.0,50.0,8000.0,20500000000.0,0.28,250000000.0,5.0,1200000000.0,0.26,10000000.0,0.05,12,0.1346363075116365,137800182.17767695,0.11898172798489837,71,352
26,20000000.0,50.0,8000.0,20500000000.0,0.28,250000000.0,5.0,1200000000.0,0.26,10000000.0,0.05,13,0.14279587124525503,158847761.10415086,0.1289453447445403,71,352
26,20000000.0,50.0,8000.0,20500000000.0,0.28,250000000.0,5.0,1200000000.0,0.26,10000000.0,0.05,14,0.1505574786574229,134286490.2781248,0.13905674476733507,66,352
27,20000000.0,50.0,8000.0,20500000000.0,0.28,250000000.0,5.0,1200000000.0,0.26,40000000.0,0.15,0,0.013655411276284609,0.0008898990652496419,0.0,131,384
27,20000000.0,50.0,8000.0,20500000000.0,0.28,250000000.0,5.0,1200000000.0,0.26,40000000.0,0.15,1,0.026645703301016756,51000796.933509395,0.00033257535775716953,127,384
27,20000000.0,50.0,8000.0,20500000000.0,0.28,250000000.0,5.0,1200000000.0,0.26,40000000.0,0.15,2,0.03900146106103687,33379617.520776123,0.00037815935167801823,122,384
27,20000000.0,50.0,8000.0,20500000000.0,0.28,250000000.0,5.0,1200000000.0,0.26,40000000.0,0.15,3,0.05075479087622918,117245089.10863927,0.0009313906830437744,113,384
27,20000000.0,50.0,8000.0,20500000000.0,0.28,250000000.0,5.0,1200000000.0,0.26,40000000.0,0.15,4,0.06192024674031978,32906080.10791772,0.0014106556942895573,106,384
27,20000000.0,50.0,8000.0,20500000000.0,0.28,250000000.0,5.0,1200000000.0,0.26,40000000.0,0.15,5,0.0725330335768929,47544103.64865737,0.002145020481921919,102,384
27,20000000.0,50.0,8000.0,20500000000.0,0.28,250000000.0,5.0,1200000000.0,0.26,40000000.0,0.15,6,0.08263078356054399,62923321.98311013,0.0032518882681542246,95,384
27,20000000.0,50.0,8000.0,20500000000.0,0.28,250000000.0,5.0,1200000000.0,0.26,40000000.0,0.15,7,0.09222913287526252,82789884.48131807,0.004275061221049946,88,384
27,20000000.0,50.0,8000.0,20500000000.0,0.28,250000000.0,5.0,1200000000.0,0.26,40000000.0,0.15,8,0.10136355768791074,82016013.61673848,0.0055525589497008735,86,384
27,20000000.0,50.0,8000.0,20500000000.0,0.28,250000000.0,5.0,1200000000.0,0.26,40000000.0,0.15,9,0.11002440568501047,65716714.957609124,0.007072452026137041,80,384
27,20000000.0,50.0,8000.0,20500000000.0,0.28,250000000.0,5.0,1200000000.0,0.26,40000000.0,0.15,10,0.11827169345825277,41001753.356628135,0.008254181988730269,78,384
27,20000000.0,50.0,8000.0,20500000000.0,0.28,250000000.0,5.0,1200000000.0,0.26,40000000.0,0.15,11,0.12609139285864632,223110269.6087012,0.009828735842373763,72,384
27,20000000.0,50.0,8000.0,20500000000.0,0.28,250000000.0,5.0,1200000000.0,0.26,40000000.0,0.15,12,0.13355215984301658,92127124.53079405,0.01167912708097444,71,384
27,20000000.0,50.0,8000.0,20500000000.0,0.28,250000000.0,5.0,1200000000.0,0.26,40000000.0,0.15,13,0.14063037406289003,231890653.7595628,0.013032978456209824,66,384
27,20000000.0,50.0,8000.0,20500000000.0,0.28,250000000.0,5.0,1200000000.0,0.26,40000000.0,0.15,14,0.14733928880359504,49375468.99601422,0.01456915372785555,63,384
28,20000000.0,50.0,8000.0,20500000000.0,0.28,250000000.0,5.0,1200000000.0,0.26,40000000.0,0.05,0,0.013655411276284609,0.0008898990652496419,0.0,131,384
28,20000000.0,50.0,8000.0,20500000000.0,0.28,250000000.0,5.0,1200000000.0,0.26,40000000.0,0.05,1,0.026645703301016756,51000796.933509395,0.00033257535775716953,127,384
28,20000000.0,50.0,8000.0,20500000000.0,0.28,250000000.0,5.0,1200000000.0,0.26,40000000.0,0.05,2,0.03900146106103687,33379617.520776123,0.00037815935167801823,122,384
28,20000000.0,50.0,8000.0,20500000000.0,0.28,250000000.0,5.0,1200000000.0,0.26,40000000.0,0.05,3,0.05075479087622918,117245089.10863927,0.0009313906830437744,113,384
28,20000000.0,50.0,8000.0,20500000000.0,0.28,250000000.0,5.0,1200000000.0,0.26,40000000.0,0.05,4,0.06192024674031978,32906080.10791772,0.0014106556942895573,106,384
28,20000000.0,50.0,8000.0,20500000000.0,0.28,250000000.0,5.0,1200000000.0,0.26,40000000.0,0.05,5,0.0725330335768929,47544103.64865737,0.002145020481921919,102,384
28,20000000.0,50.0,8000.0,20500000000.0,0.28,250000000.0,5.0,1200000000.0,0.26,40000000.0,0.05,6,0.08263078356054399,62923321.98311013,0.0032518882681542246,95,384
28,20000000.0,50.0,8000.0,20500000000.0,0.28,250000000.0,5.0,1200000000.0,0.26,40000000.0,0.05,7,0.09222913287526252,82789884.48131807,0.004275061221049946,88,384
28,20000000.0,50.0,8000.0,20500000000.0,0.28,250000000.0,5.0,1200000000.0,0.26,40000000.0,0.05,8,0.10136355768791074,82016013.61673848,0.0055525589497008735,86,384
28,20000000.0,50.0,8000.0,20500000000.0,0.28,250000000.0,5.0,1200000000.0,0.26,40000000.0,0.05,9,0.11002440568501047,65716714.957609124,0.007072452026137041,80,384
28,20000000.0,50.0,8000.0,20500000000.0,0.28,250000000.0,5.0,1200000000.0,0.26,40000000.0,0.05,10,0.11827169345825277,41001753.356628135,0.008254181988730269,78,384
28,20000000.0,50.0,8000.0,20500000000.0,0.28,250000000.0,5.0,1200000000.0,0.26,40000000.0,0.05,11,0.12609139285864632,223110269.6087012,0.009828735842373763,72,384
28,20000000.0,50.0,8000.0,20500000000.0,0.28,250000000.0,5.0,1200000000.0,0.26,40000000.0,0.05,12,0.13355215984301658,92127124.53079405,0.01167912708097444,71,384
28,20000000.0,50.0,8000.0,20500000000.0,0.28,250000000.0,5.0,1200000000.0,0.26,40000000.0,0.05,13,0.14063037406289003,231890653.7595628,0.013032978456209824,66,384
28,20000000.0,50.0,8000.0,20500000000.0,0.28,250000000.0,5.0,1200000000.0,0.26,40000000.0,0.05,14,0.14733928880359504,49375468.99601422,0.01456915372785555,63,384
29,20000000.0,50.0,8000.0,20500000000.0,0.28,25000000000.0,5.0,1200000000.0,0.26,10000000.0,0.15,0,0.013655411276284609,0.0008898990652496419,0.0,131,384
29,20000000.0,50.0,8000.0,20500000000.0,0.28,25000000000.0,5.0,1200000000.0,0.26,10000000.0,0.15,1,0.02670169182630313,4280816911.988886,0.0014047560021342635,131,374
29,20000000.0,50.0,8000.0,20500000000.0,0.28,25000000000.0,5.0,1200000000.0,0.26,10000000.0,0.15,2,0.039083450341960535,3518846983.6855955,0.01323132429754953,128,372
29,20000000.0,50.0,8000.0,20500000000.0,0.28,25000000000.0,5.0,1200000000.0,0.26,10000000.0,0.15,3,0.05178730618049624,8247403625.692175,0.02411896910954546,114,361
29,20000000.0,50.0,8000.0,20500000000.0,0.28,25000000000.0,5.0,1200000000.0,0.26,10000000.0,0.15,4,0.06229519697654326,4467213627.979043,0.035956950401021766,113,361
29,20000000.0,50.0,8000.0,20500000000.0,0.28,25000000000.0,5.0,1200000000.0,0.26,10000000.0,0.15,5,0.07315201726426468,5682104441.284823,0.046465794449498755,113,361
29,20000000.0,50.0,8000.0,20500000000.0,0.28,25000000000.0,5.0,1200000000.0,0.26,10000000.0,0.15,6,0.08347933126888077,6277800975.681766,0.05083839308582708,113,352
29,20000000.0,50.0,8000.0,20500000000.0,0.28,25000000000.0,5.0,1200000000.0,0.26,10000000.0,0.15,7,0.09330296394617185,11203968925.114254,0.062198275151041565,113,340
29,20000000.0,50.0,8000.0,20500000000.0,0.28,25000000000.0,5.0,1200000000.0,0.26,10000000.0,0.15,8,0.10264748072325523,14537632565.09994,0.07665934301560624,113,340
29,20000000.0,50.0,8000.0,20500000000.0,0.28,25000000000.0,5.0,1200000000.0,0.26,10000000.0,0.15,9,0.11153624892802011,11708103861.578352,0.09351732826944478,113,339
29,20000000.0,50.0,8000.0,20500000000.0,0.28,25000000000.0,5.0,1200000000.0,0.26,10000000.0,0.15,10,0.1199914962225405,11351099879.272425,0.09325546180334474,113,339
29,20000000.0,50.0,8000.0,20500000000.0,0.28,25000000000.0,5.0,1200000000.0,0.26,10000000.0,0.15,11,0.12803436618658998,8399345536.550793,0.10838723438332114,113,339
29,20000000.0,50.0,8000.0,20500000000.0,0.28,25000000000.0,5.0,1200000000.0,0.26,10000000.0,0.15,12,0.13568497119024509,7624702917.40841,0.11458409050325633,113,334
29,20000000.0,50.0,8000.0,20500000000.0,0.28,25000000000.0,5.0,1200000000.0,0.26,10000000.0,0.15,13,0.1429624426878063,7157481798.489018,0.12507484942950353,113,334
29,20000000.0,50.0,8000.0,20500000000.0,0.28,25000000000.0,5.0,1200000000.0,0.26,10000000.0,0.15,14,0.1498849790587872,8790555568.41655,0.12913616525751745,113,326
30,20000000.0,50.0,8000.0,20500000000.0,0.28,25000000000.0,5.0,1200000000.0,0.26,10000000.0,0.05,0,0.013655411276284609,0.0008898990652496419,0.0,131,384
30,20000000.0,50.0,8000.0,20500000000.0,0.28,25000000000.0,5.0,1200000000.0,0.26,10000000.0,0.05,1,0.02670169182630313,4280816911.988886,0.0014047560021342635,131,374
30,20000000.0,50.0,8000.0,20500000000.0,0.28,25000000000.0,5.0,1200000000.0,0.26,10000000.0,0.05,2,0.039083450341960535,3518846983.6855955,0.01323132429754953,128,372
30,20000000.0,50.0,8000.0,20500000000.0,0.28,25000000000.0,5.0,1200000000.0,0.26,10000000.0,0.05,3,0.05178730618049624,8247403625.692175,0.02411896910954546,114,361
30,20000000.0,50.0,8000.0,20500000000.0,0.28,25000000000.0,5.0,1200000000.0,0.26,10000000.0,0.05,4,0.06229519697654326,4467213627.979043,0.035956950401021766,113,361
30,20000000.0,50.0,8000.0,20500000000.0,0.28,25000000000.0,5.0,1200000000.0,0.26,10000000.0,0.05,5,0.07315201726426468,5682104441.284823,0.046465794449498755,113,361
30,20000000.0,50.0,8000.0,20500000000.0,0.28,25000000000.0,5.0,1200000000.0,0.26,10000000.0,0.05,6,0.08347933126888077,6277800975.681766,0.05083839308582708,113,352
30,20000000.0,50.0,8000.0,20500000000.0,0.28,25000000000.0,5.0,1200000000.0,0.26,10000000.0,0.05,7,0.09330296394617185,11203968925.114254,0.062198275151041565,113,340
30,20000000.0,50.0,8000.0,20500000000.0,0.28,25000000000.0,5.0,1200000000.0,0.26,10000000.0,0.05,8,0.10264748072325523,14537632565.09994,0.07665934301560624,113,340
30,20000000.0,50.0,8000.0,20500000000.0,0.28,25000000000.0,5.0,1200000000.0,0.26,10000000.0,0.05,9,0.11153624892802011,11708103861.578352,0.09351732826944478,113,339
30,20000000.0,50.0,8000.0,20500000000.0,0.28,25000000000.0,5.0,1200000000.0,0.26,10000000.0,0.05,10,0.1199914962225405,11351099879.272425,0.09325546180334474,113,339
30,20000000.0,50.0,8000.0,20500000000.0,0.28,25000000000.0,5.0,1200000000.0,0.26,10000000.0,0.05,11,0.12803436618658998,8399345536.550793,0.10838723438332114,113,339
30,20000000.0,50.0,8000.0,20500000000.0,0.28,25000000000.0,5.0,1200000000.0,0.26,10000000.0,0.05,12,0.13568497119024509,7624702917.40841,0.11458409050325633,113,334
30,20000000.0,50.0,8000.0,20500000000.0,0.28,25000000000.0,5.0,1200000000.0,0.26,10000000.0,0.05,13,0.1429624426878063,7157481798.489018,0.12507484942950353,113,334
30,20000000.0,50.0,8000.0,20500000000.0,0.28,25000000000.0,5.0,1200000000.0,0.26,10000000.0,0.05,14,0.1498849790587872,8790555568.41655,0.12913616525751745,113,326
31,20000000.0,50.0,8000.0,20500000000.0,0.28,25000000000.0,5.0,1200000000.0,0.26,40000000.0,0.15,0,0.013655411276284609,0.0008898990652496419,0.0,131,384
31,20000000.0,50.0,8000.0,20500000000.0,0.28,25000000000.0,5.0,1200000000.0,0.26,40000000.0,0.15,1,0.026725059443274572,9806408826.28939,0.0007832867337746925,131,384
31,20000000.0,50.0,8000.0,20500000000.0,0.28,25000000000.0,5.0,1200000000.0,0.26,40000000.0,0.15,2,0.039191636770085775,5927160479.278941,0.0027268009273130334,131,384
31,20000000.0,50.0,8000.0,20500000000.0,0.28,25000000000.0,5.0,1200000000.0,0.26,40000000.0,0.15,3,0.05139676223647462,7130472383.0650625,0.005162835843481358,121,384
31,20000000.0,50.0,8000.0,20500000000.0,0.28,25000000000.0,5.0,1200000000.0,0.26,40000000.0,0.15,4,0.06373276624890774,8649275468.218521,0.009162697628890359,115,384
31,20000000.0,50.0,8000.0,20500000000.0,0.28,25000000000.0,5.0,1200000000.0,0.26,40000000.0,0.15,5,0.07546712157785054,11614307968.081312,0.014581771443276173,115,383
31,20000000.0,50.0,8000.0,20500000000.0,0.28,25000000000.0,5.0,1200000000.0,0.26,40000000.0,0.15,6,0.08662917169125119,5747470565.973248,0.019972118176636293,115,383
31,20000000.0,50.0,8000.0,20500000000.0,0.28,25000000000.0,5.0,1200000000.0,0.26,40000000.0,0.15,7,0.09724682892434723,8702623351.538652,0.023449122141123057,115,383
31,20000000.0,50.0,8000.0,20500000000.0,0.28,25000000000.0,5.0,1200000000.0,0.26,40000000.0,0.15,8,0.10734664427853306,10904511013.317024,0.027185022103117837,115,383
31,20000000.0,50.0,8000.0,20500000000.0,0.28,25000000000.0,5.0,1200000000.0,0.26,40000000.0,0.15,9,0.11695387381601385,12237748548.208017,0.030807151653848733,115,383
31,20000000.0,50.0,8000.0,20500000000.0,0.28,25000000000.0,5.0,1200000000.0,0.26,40000000.0,0.15,10,0.12609254181627533,7220931556.892983,0.03195086232670517,115,383
31,20000000.0,50.0,8000.0,20500000000.0,0.28,25000000000.0,5.0,1200000000.0,0.26,40000000.0,0.15,11,0.13478550085229918,5207032798.0438385,0.03306605722360702,115,383
31,20000000.0,50.0,8000.0,20500000000.0,0.28,25000000000.0,5.0,1200000000.0,0.26,40000000.0,0.15,12,0.14305448893675884,8280943153.385213,0.03470827010300421,115,383
31,20000000.0,50.0,8000.0,20500000000.0,0.28,25000000000.0,5.0,1200000000.0,0.26,40000000.0,0.15,13,0.15092018388108994,7208055137.890895,0.03609575735384669,115,383
31,20000000.0,50.0,8000.0,20500000000.0,0.28,25000000000.0,5.0,1200000000.0,0.26,40000000.0,0.15,14,0.15840225500337715,8333191318.516107,0.039610985066411294,115,383
32,20000000.0,50.0,8000.0,20500000000.0,0.28,25000000000.0,5.0,1200000000.0,0.26,40000000.0,0.05,0,0.013655411276284609,0.0008898990652496419,0.0,131,384
32,20000000.0,50.0,8000.0,20500000000.0,0.28,25000000000.0,5.0,1200000000.0,0.26,40000000.0,0.05,1,0.026725059443274572,9806408826.28939,0.0007832867337746925,131,384
32,20000000.0,50.0,8000.0,20500000000.0,0.28,25000000000.0,5.0,1200000000.0,0.26,40000000.0,0.05,2,0.039191636770085775,5927160479.278941,0.0027268009273130334,131,384
32,20000000.0,50.0,8000.0,20500000000.0,0.28,25000000000.0,5.0,1200000000.0,0.26,40000000.0,0.05,3,0.05139676223647462,7130472383.0650625,0.005162835843481358,121,384
32,20000000.0,50.0,8000.0,20500000000.0,0.28,25000000000.0,5.0,1200000000.0,0.26,40000000.0,0.05,4,0.06373276624890774,8649275468.218521,0.009162697628890359,115,384
32,20000000.0,50.0,8000.0,20500000000.0,0.28,25000000000.0,5.0,1200000000.0,0.26,40000000.0,0.05,5,0.07546712157785054,11614307968.081312,0.014581771443276173,115,383
32,20000000.0,50.0,8000.0,20500000000.0,0.28,25000000000.0,5.0,1200000000.0,0.26,40000000.0,0.05,6,0.08662917169125119,5747470565.973248,0.019972118176636293,115,383
32,20000000.0,50.0,8000.0,20500000000.0,0.28,25000000000.0,5.0,1200000000.0,0.26,40000000.0,0.05,7,0.09724682892434723,8702623351.538652,0.023449122141123057,115,383
32,20000000.0,50.0,8000.0,20500000000.0,0.28,25000000000.0,5.0,1200000000.0,0.26,40000000.0,0.05,8,0.10734664427853306,10904511013.317024,0.027185022103117837,115,383
32,20000000.0,50.0,8000.0,20500000000.0,0.28,25000000000.0,5.0,1200000000.0,0.26,40000000.0,0.05,9,0.11695387381601385,12237748548.208017,0.030807151653848733,115,383
32,20000000.0,50.0,8000.0,20500000000.0,0.28,25000000000.0,5.0,1200000000.0,0.26,40000000.0,0.05,10,0.12609254181627533,7220931556.892983,0.03195086232670517,115,383
32,20000000.0,50.0,8000.0,20500000000.0,0.28,25000000000.0,5.0,1200000000.0,0.26,40000000.0,0.05,11,0.13478550085229918,5207032798.0438385,0.03306605722360702,115,383
32,20000000.0,50.0,8000.0,20500000000.0,0.28,25000000000.0,5.0,1200000000.0,0.26,40000000.0,0.05,12,0.14305448893675884,8280943153.385213,0.03470827010300421,115,383
32,20000000.0,50.0,8000.0,20500000000.0,0.28,25000000000.0,5.0,1200000000.0,0.26,40000000.0,0.05,13,0.15092018388108994,7208055137.890895,0.03609575735384669,115,383
32,20000000.0,50.0,8000.0,20500000000.0,0.28,25000000000.0,5.0,1200000000.0,0.26,40000000.0,0.05,14,0.15840225500337715,8333191318.516107,0.039610985066411294,115,383
33,50000000.0,15.0,3000.0,20500000000.0,0.28,250000000.0,5.0,1200000000.0,0.26,10000000.0,0.15,0,0.013895418040526636,0.0010013646702385698,0.0,131,384
33,50000000.0,15.0,3000.0,20500000000.0,0.28,250000000.0,5.0,1200000000.0,0.26,10000000.0,0.15,1,0.027584962886043795,82751384.079113,0.001915152150675949,128,376
33,50000000.0,15.0,3000.0,20500000000.0,0.28,250000000.0,5.0,1200000000.0,0.26,10000000.0,0.15,2,0.041069237192955584,43786609.69309685,0.00509384044640275,127,370
33,50000000.0,15.0,3000.0,20500000000.0,0.28,250000000.0,5.0,1200000000.0,0.26,10000000.0,0.15,3,0.05435352504861875,121986885.1287977,0.008213897103696665,121,366
33,50000000.0,15.0,3000.0,20500000000.0,0.28,250000000.0,5.0,1200000000.0,0.26,10000000.0,0.15,4,0.06743203873833528,88977905.32036424,0.011304568839087684,118,362
33,50000000.0,15.0,3000.0,20500000000.0,0.28,250000000.0,5.0,1200000000.0,0.26,10000000.0,0.15,5,0.0803140222404488,98297851.15435474,0.014335043783724032,117,360
33,50000000.0,15.0,3000.0,20500000000.0,0.28,250000000.0,5.0,1200000000.0,0.26,10000000.0,0.15,6,0.09300362886702174,124142092.94232649,0.01732760341529057,116,354
33,50000000.0,15.0,3000.0,20500000000.0,0.28,250000000.0,5.0,1200000000.0,0.26,10000000.0,0.15,7,0.10550010971009519,46071357.43170169,0.020262333782301543,116,354
33,50000000.0,15.0,3000.0,20500000000.0,0.28,250000000.0,5.0,1200000000.0,0.26,10000000.0,0.15,8,0.1178286956302194,77832617.5353459,0.02317082566028653,111,347
33,50000000.0,15.0,3000.0,20500000000.0,0.28,250000000.0,5.0,1200000000.0,0.26,10000000.0,0.15,9,0.1299526584506241,157177693.2017796,0.02603078369856553,105,337
33,50000000.0,15.0,3000.0,20500000000.0,0.28,250000000.0,5.0,1200000000.0,0.26,10000000.0,0.15,10,0.1419002638252924,128824502.3590962,0.028861455159805812,105,334
33,50000000.0,15.0,3000.0,20500000000.0,0.28,250000000.0,5.0,1200000000.0,0.26,10000000.0,0.15,11,0.1536633311604613,156905122.54162723,0.03163342056607367,103,329
33,50000000.0,15.0,3000.0,20500000000.0,0.28,250000000.0,5.0,1200000000.0,0.26,10000000.0,0.15,12,0.16527350626521226,136045472.34373015,0.03437104340810393,100,320
33,50000000.0,15.0,3000.0,20500000000.0,0.28,250000000.0,5.0,1200000000.0,0.26,10000000.0,0.15,13,0.17671496952778543,70719667.00833398,0.037057018570671174,93,299
33,50000000.0,15.0,3000.0,20500000000.0,0.28,250000000.0,5.0,1200000000.0,0.26,10000000.0,0.15,14,0.18790254230643996,75381075.4629649,0.039719627937807964,90,287
34,50000000.0,15.0,3000.0,20500000000.0,0.28,250000000.0,5.0,1200000000.0,0.26,10000000.0,0.05,0,0.013895418040526636,0.0010013646702385698,0.0,131,384
34,50000000.0,15.0,3000.0,20500000000.0,0.28,250000000.0,5.0,1200000000.0,0.26,10000000.0,0.05,1,0.027584962886043795,82751384.079113,0.001915152150675949,128,376
34,50000000.0,15.0,3000.0,20500000000.0,0.28,250000000.0,5.0,1200000000.0,0.26,10000000.0,0.05,2,0.041069237192955584,43786609.69309685,0.00509384044640275,127,370
34,50000000.0,15.0,3000.0,20500000000.0,0.28,250000000.0,5.0,1200000000.0,0.26,10000000.0,0.05,3,0.05435352504861875,121986885.1287977,0.008213897103696665,121,366
34,50000000.0,15.0,3000.0,20500000000.0,0.28,250000000.0,5.0,1200000000.0,0.26,10000000.0,0.05,4,0.06743203873833528,88977905.32036424,0.011304568839087684,118,362
34,50000000.0,15.0,3000.0,20500000000.0,0.28,250000000.0,5.0,1200000000.0,0.26,10000000.0,0.05,5,0.0803140222404488,98297851.15435474,0.014335043783724032,117,360
34,50000000.0,15.0,3000.0,20500000000.0,0.28,250000000.0,5.0,1200000000.0,0.26,10000000.0,0.05,6,0.09300362886702174,124142092.94232649,0.01732760341529057,116,354
34,50000000.0,15.0,3000.0,20500000000.0,0.28,250000000.0,5.0,1200000000.0,0.26,10000000.0,0.05,7,0.10550010971009519,46071357.43170169,0.020262333782301543,116,354
34,50000000.0,15.0,3000.0,20500000000.0,0.28,250000000.0,5.0,1200000000.0,0.26,10000000.0,0.05,8,0.1178286956302194,77832617.5353459,0.02317082566028653,111,347
34,50000000.0,15.0,3000.0,20500000000.0,0.28,250000000.0,5.0,1200000000.0,0.26,10000000.0,0.05,9,0.1299526584506241,157177693.2017796,0.02603078369856553,105,337
34,50000000.0,15.0,3000.0,20500000000.0,0.28,250000000.0,5.0,1200000000.0,0.26,10000000.0,0.05,10,0.1419002638252924,128824502.3590962,0.028861455159805812,105,334
34,50000000.0,15.0,3000.0,20500000000.0,0.28,250000000.0,5.0,1200000000.0,0.26,10000000.0,0.05,11,0.1536633311604613,156905122.54162723,0.03163342056607367,103,329
34,50000000.0,15.0,3000.0,20500000000.0,0.28,250000000.0,5.0,1200000000.0,0.26,10000000.0,0.05,12,0.16527350626521226,136045472.34373015,0.03437104340810393,100,320
34,50000000.0,15.0,3000.0,20500000000.0,0.28,250000000.0,5.0,1200000000.0,0.26,10000000.0,0.05,13,0.17671496952778543,70719667.00833398,0.037057018570671174,93,299
34,50000000.0,15.0,3000.0,20500000000.0,0.28,250000000.0,5.0,1200000000.0,0.26,10000000.0,0.05,14,0.18790254230643996,75381075.4629649,0.039719627937807964,90,287
35,50000000.0,15.0,3000.0,20500000000.0,0.28,250000000.0,5.0,1200000000.0,0.26,40000000.0,0.15,0,0.013895418040526636,0.0010013646702385698,0.0,131,384
35,50000000.0,15.0,3000.0,20500000000.0,0.28,250000000.0,5.0,1200000000.0,0.26,40000000.0,0.15,1,0.0275849587013679,84552695.05127737,0.00034736439689128586,127,384
35,50000000.0,15.0,3000.0,20500000000.0,0.28,250000000.0,5.0,1200000000.0,0.26,40000000.0,0.15,2,0.04106924726943254,74715903.77373096,0.0003889177917894529,120,384
35,50000000.0,15.0,3000.0,20500000000.0,0.28,250000000.0,5.0,1200000000.0,0.26,40000000.0,0.15,3,0.05435342832287457,96222063.20577145,0.0008605513723000404,113,384
35,50000000.0,15.0,3000.0,20500000000.0,0.28,250000000.0,5.0,1200000000.0,0.26,40000000.0,0.15,4,0.06742071908410013,56110145.60478719,0.002372090289984863,102,384
35,50000000.0,15.0,3000.0,20500000000.0,0.28,250000000.0,5.0,1200000000.0,0.26,40000000.0,0.15,5,0.08028157788119507,67995400.2854447,0.003135228037186188,95,384
35,50000000.0,15.0,3000.0,20500000000.0,0.28,250000000.0,5.0,1200000000.0,0.26,40000000.0,0.15,6,0.09294882634052909,63838242.10210306,0.0047371750264562675,88,384
35,50000000.0,15.0,3000.0,20500000000.0,0.28,250000000.0,5.0,1200000000.0,0.26,40000000.0,0.15,7,0.10543088665828718,61690486.25403252,0.0065296436871543325,84,384
35,50000000.0,15.0,3000.0,20500000000.0,0.28,250000000.0,5.0,1200000000.0,0.26,40000000.0,0.15,8,0.11772074301928948,59970080.33070716,0.008701005630994591,78,384
35,50000000.0,15.0,3000.0,20500000000.0,0.28,250000000.0,5.0,1200000000.0,0.26,40000000.0,0.15,9,0.12981069428970854,94956655.41983573,0.011108560592554695,71,383
35,50000000.0,15.0,3000.0,20500000000.0,0.28,250000000.0,5.0,1200000000.0,0.26,40000000.0,0.15,10,0.14172613937845843,65544505.43003752,0.013807169604945543,66,383
35,50000000.0,15.0,3000.0,20500000000.0,0.28,250000000.0,5.0,1200000000.0,0.26,40000000.0,0.15,11,0.15344051733432512,26314978.74181554,0.016951886137067267,61,382
35,50000000.0,15.0,3000.0,20500000000.0,0.28,250000000.0,5.0,1200000000.0,0.26,40000000.0,0.15,12,0.16497059561216157,73885755.40651795,0.019644403906948403,56,381
35,50000000.0,15.0,3000.0,20500000000.0,0.28,250000000.0,5.0,1200000000.0,0.26,40000000.0,0.15,13,0.176327814514904,46416013.614839524,0.023126211497961756,52,381
35,50000000.0,15.0,3000.0,20500000000.0,0.28,250000000.0,5.0,1200000000.0,0.26,40000000.0,0.15,14,0.1874702320336761,94352845.33290423,0.027252857034368746,40,381
36,50000000.0,15.0,3000.0,20500000000.0,0.28,250000000.0,5.0,1200000000.0,0.26,40000000.0,0.05,0,0.013895418040526636,0.0010013646702385698,0.0,131,384
36,50000000.0,15.0,3000.0,20500000000.0,0.28,250000000.0,5.0,1200000000.0,0.26,40000000.0,0.05,1,0.0275849587013679,84552695.05127737,0.00034736439689128586,127,384
36,50000000.0,15.0,3000.0,20500000000.0,0.28,250000000.0,5.0,1200000000.0,0.26,40000000.0,0.05,2,0.04106924726943254,74715903.77373096,0.0003889177917894529,120,384
36,50000000.0,15.0,3000.0,20500000000.0,0.28,250000000.0,5.0,1200000000.0,0.26,40000000.0,0.05,3,0.05435342832287457,96222063.20577145,0.0008605513723000404,113,384
36,50000000.0,15.0,3000.0,20500000000.0,0.28,250000000.0,5.0,1200000000.0,0.26,40000000.0,0.05,4,0.06742071908410013,56110145.60478719,0.002372090289984863,102,384
36,50000000.0,15.0,3000.0,20500000000.0,0.28,250000000.0,5.0,1200000000.0,0.26,40000000.0,0.05,5,0.08028157788119507,67995400.2854447,0.003135228037186188,95,384
36,50000000.0,15.0,3000.0,20500000000.0,0.28,250000000.0,5.0,1200000000.0,0.26,40000000.0,0.05,6,0.09294882634052909,63838242.10210306,0.0047371750264562675,88,384
36,50000000.0,15.0,3000.0,20500000000.0,0.28,250000000.0,5.0,1200000000.0,0.26,40000000.0,0.05,7,0.10543088665828718,61690486.25403252,0.0065296436871543325,84,384
36,50000000.0,15.0,3000.0,20500000000.0,0.28,250000000.0,5.0,1200000000.0,0.26,40000000.0,0.05,8,0.11772074301928948,59970080.33070716,0.008701005630994591,78,384
36,50000000.0,15.0,3000.0,20500000000.0,0.28,250000000.0,5.0,1200000000.0,0.26,40000000.0,0.05,9,0.12981069428970854,94956655.41983573,0.011108560592554695,71,383
36,50000000.0,15.0,3000.0,20500000000.0,0.28,250000000.0,5.0,1200000000.0,0.26,40000000.0,0.05,10,0.14172613937845843,65544505.43003752,0.013807169604945543,66,383
36,50000000.0,15.0,3000.0,20500000000.0,0.28,250000000.0,5.0,1200000000.0,0.26,40000000.0,0.05,11,0.15344051733432512,26314978.74181554,0.016951886137067267,61,382
36,50000000.0,15.0,3000.0,20500000000.0,0.28,250000000.0,5.0,1200000000.0,0.26,40000000.0,0.05,12,0.16497059561216157,73885755.40651795,0.019644403906948403,56,381
36,50000000.0,15.0,3000.0,20500000000.0,0.28,250000000.0,5.0,1200000000.0,0.26,40000000.0,0.05,13,0.176327814514904,46416013.614839524,0.023126211497961756,52,381
36,50000000.0,15.0,3000.0,20500000000.0,0.28,250000000.0,5.0,1200000000.0,0.26,40000000.0,0.05,14,0.1874702320336761,94352845.33290423,0.027252857034368746,40,381
37,50000000.0,15.0,3000.0,20500000000.0,0.28,25000000000.0,5.0,1200000000.0,0.26,10000000.0,0.15,0,0.013895418040526636,0.0010013646702385698,0.0,131,384
37,50000000.0,15.0,3000.0,20500000000.0,0.28,25000000000.0,5.0,1200000000.0,0.26,10000000.0,0.15,1,0.02762646462230721,4200003475.914266,0.0019550940036310383,131,376
37,50000000.0,15.0,3000.0,20500000000.0,0.28,25000000000.0,5.0,1200000000.0,0.26,10000000.0,0.15,2,0.04114352093997404,3025898642.119238,0.0061625219681895795,128,371
37,50000000.0,15.0,3000.0,20500000000.0,0.28,25000000000.0,5.0,1200000000.0,0.26,10000000.0,0.15,3,0.0545022418939821,5495876012.016454,0.010817063482931636,116,360
37,50000000.0,15.0,3000.0,20500000000.0,0.28,25000000000.0,5.0,1200000000.0,0.26,10000000.0,0.15,4,0.06770966506697432,10456070501.912352,0.05315228410601348,111,354
37,50000000.0,15.0,3000.0,20500000000.0,0.28,25000000000.0,5.0,1200000000.0,0.26,10000000.0,0.15,5,0.08071153710500861,16788672489.537867,0.08714246787243693,110,354
37,50000000.0,15.0,3000.0,20500000000.0,0.28,25000000000.0,5.0,1200000000.0,0.26,10000000.0,0.15,6,0.09356419118752894,10369154957.785,0.1219279222463848,107,340
37,50000000.0,15.0,3000.0,20500000000.0,0.28,25000000000.0,5.0,1200000000.0,0.26,10000000.0,0.15,7,0.10623773263281637,12475874182.689842,0.14850760448796563,106,340
37,50000000.0,15.0,3000.0,20500000000.0,0.28,25000000000.0,5.0,1200000000.0,0.26,10000000.0,0.15,8,0.11868919640113021,23519914503.922688,0.182397042699572,103,334
37,50000000.0,15.0,3000.0,20500000000.0,0.28,25000000000.0,5.0,1200000000.0,0.26,10000000.0,0.15,9,0.13090821476689474,16674943615.073727,0.21571098045021914,102,334
37,50000000.0,15.0,3000.0,20500000000.0,0.28,25000000000.0,5.0,1200000000.0,0.26,10000000.0,0.15,10,0.1429677059106293,16648543785.249039,0.24849241531622254,102,326
37,50000000.0,15.0,3000.0,20500000000.0,0.28,25000000000.0,5.0,1200000000.0,0.26,10000000.0,0.15,11,0.1548680496101855,15989772653.398993,0.27989129112849925,102,325
37,50000000.0,15.0,3000.0,20500000000.0,0.28,25000000000.0,5.0,1200000000.0,0.26,10000000.0,0.15,12,0.16653780447708438,17691901266.897003,0.3007864261821905,99,317
37,50000000.0,15.0,3000.0,20500000000.0,0.28,25000000000.0,5.0,1200000000.0,0.26,10000000.0,0.15,13,0.17809835956305026,14728597546.263815,0.35425503265725705,99,310
37,50000000.0,15.0,3000.0,20500000000.0,0.28,25000000000.0,5.0,1200000000.0,0.26,10000000.0,0.15,14,0.18945125857457332,17328743917.902287,0.4108329225999705,98,299
38,50000000.0,15.0,3000.0,20500000000.0,0.28,25000000000.0,5.0,1200000000.0,0.26,10000000.0,0.05,0,0.013895418040526636,0.0010013646702385698,0.0,131,384
38,50000000.0,15.0,3000.0,20500000000.0,0.28,25000000000.0,5.0,1200000000.0,0.26,10000000.0,0.05,1,0.02762646462230721,4200003475.914266,0.0019550940036310383,131,376
38,50000000.0,15.0,3000.0,20500000000.0,0.28,25000000000.0,5.0,1200000000.0,0.26,10000000.0,0.05,2,0.04114352093997404,3025898642.119238,0.0061625219681895795,128,371
38,50000000.0,15.0,3000.0,20500000000.0,0.28,25000000000.0,5.0,1200000000.0,0.26,10000000.0,0.05,3,0.0545022418939821,5495876012.016454,0.010817063482931636,116,360
38,50000000.0,15.0,3000.0,20500000000.0,0.28,25000000000.0,5.0,1200000000.0,0.26,10000000.0,0.05,4,0.06770966506697432,10456070501.912352,0.05315228410601348,111,354
38,50000000.0,15.0,3000.0,20500000000.0,0.28,25000000000.0,5.0,1200000000.0,0.26,10000000.0,0.05,5,0.08071153710500861,16788672489.537867,0.08714246787243693,110,354
38,50000000.0,15.0,3000.0,20500000000.0,0.28,25000000000.0,5.0,1200000000.0,0.26,10000000.0,0.05,6,0.09356419118752894,10369154957.785,0.1219279222463848,107,340
38,50000000.0,15.0,3000.0,20500000000.0,0.28,25000000000.0,5.0,1200000000.0,0.26,10000000.0,0.05,7,0.10623773263281637,12475874182.689842,0.14850760448796563,106,340
38,50000000.0,15.0,3000.0,20500000000.0,0.28,25000000000.0,5.0,1200000000.0,0.26,10000000.0,0.05,8,0.11868919640113021,23519914503.922688,0.182397042699572,103,334
38,50000000.0,15.0,3000.0,20500000000.0,0.28,25000000000.0,5.0,1200000000.0,0.26,10000000.0,0.05,9,0.13090821476689474,16674943615.073727,0.21571098045021914,102,334
38,50000000.0,15.0,3000.0,20500000000.0,0.28,25000000000.0,5.0,1200000000.0,0.26,10000000.0,0.05,10,0.1429677059106293,16648543785.249039,0.24849241531622254,102,326
38,50000000.0,15.0,3000.0,20500000000.0,0.28,25000000000.0,5.0,1200000000.0,0.26,10000000.0,0.05,11,0.1548680496101855,15989772653.398993,0.27989129112849925,102,325
38,50000000.0,15.0,3000.0,20500000000.0,0.28,25000000000.0,5.0,1200000000.0,0.26,10000000.0,0.05,12,0.16653780447708438,17691901266.897003,0.3007864261821905,99,317
38,50000000.0,15.0,3000.0,20500000000.0,0.28,25000000000.0,5.0,1200000000.0,0.26,10000000.0,0.05,13,0.17809835956305026,14728597546.263815,0.35425503265725705,99,310
38,50000000.0,15.0,3000.0,20500000000.0,0.28,25000000000.0,5.0,1200000000.0,0.26,10000000.0,0.05,14,0.18945125857457332,17328743917.902287,0.4108329225999705,98,299
39,50000000.0,15.0,3000.0,20500000000.0,0.28,25000000000.0,5.0,1200000000.0,0.26,40000000.0,0.15,0,0.013895418040526636,0.0010013646702385698,0.0,131,384
39,50000000.0,15.0,3000.0,20500000000.0,0.28,25000000000.0,5.0,1200000000.0,0.26,40000000.0,0.15,1,0.027663606172695605,10436945832.254332,0.0010904446489818445,131,384
39,50000000.0,15.0,3000.0,20500000000.0,0.28,25000000000.0,5.0,1200000000.0,0.26,40000000.0,0.15,2,0.04120872778569941,7137169941.193028,0.0032059567013883877,131,384
39,50000000.0,15.0,3000.0,20500000000.0,0.28,25000000000.0,5.0,1200000000.0,0.26,40000000.0,0.15,3,0.05478545035955935,7558087245.47903,0.006127627688351336,121,378
39,50000000.0,15.0,3000.0,20500000000.0,0.28,25000000000.0,5.0,1200000000.0,0.26,40000000.0,0.15,4,0.06847877919439643,9013762688.975206,0.013688136493295634,115,372
39,50000000.0,15.0,3000.0,20500000000.0,0.28,25000000000.0,5.0,1200000000.0,0.26,40000000.0,0.15,5,0.08153147033835943,10271226612.905869,0.04527312675594075,114,360
39,50000000.0,15.0,3000.0,20500000000.0,0.28,25000000000.0,5.0,1200000000.0,0.26,40000000.0,0.15,6,0.09575810949825744,10194664930.59352,0.08780579725057426,113,359
39,50000000.0,15.0,3000.0,20500000000.0,0.28,25000000000.0,5.0,1200000000.0,0.26,40000000.0,0.15,7,0.11008741890615238,8561166096.171761,0.14289252042849673,113,359
39,50000000.0,15.0,3000.0,20500000000.0,0.28,25000000000.0,5.0,1200000000.0,0.26,40000000.0,0.15,8,0.12420339110207348,7791920401.38156,0.19636847841191019,113,359
39,50000000.0,15.0,3000.0,20500000000.0,0.28,25000000000.0,5.0,1200000000.0,0.26,40000000.0,0.15,9,0.13810920228696064,10021182279.888153,0.2564248038023839,113,359
39,50000000.0,15.0,3000.0,20500000000.0,0.28,25000000000.0,5.0,1200000000.0,0.26,40000000.0,0.15,10,0.1518079813739305,10844981337.901682,0.3246449054556416,113,359
39,50000000.0,15.0,3000.0,20500000000.0,0.28,25000000000.0,5.0,1200000000.0,0.26,40000000.0,0.15,11,0.16530281069230596,6163581357.080055,0.3868195247867609,113,359
39,50000000.0,15.0,3000.0,20500000000.0,0.28,25000000000.0,5.0,1200000000.0,0.26,40000000.0,0.15,12,0.17859672668116264,9773196416.357866,0.44591965557636526,113,359
39,50000000.0,15.0,3000.0,20500000000.0,0.28,25000000000.0,5.0,1200000000.0,0.26,40000000.0,0.15,13,0.19169272057255057,12331647726.32273,0.5039448874995224,113,359
39,50000000.0,15.0,3000.0,20500000000.0,0.28,25000000000.0,5.0,1200000000.0,0.26,40000000.0,0.15,14,0.20459373906454667,7249094815.011518,0.5602026455128746,113,358
40,50000000.0,15.0,3000.0,20500000000.0,0.28,25000000000.0,5.0,1200000000.0,0.26,40000000.0,0.05,0,0.013895418040526636,0.0010013646702385698,0.0,131,384
40,50000000.0,15.0,3000.0,20500000000.0,0.28,25000000000.0,5.0,1200000000.0,0.26,40000000.0,0.05,1,0.027663606172695605,10436945832.254332,0.0010904446489818445,131,384
40,50000000.0,15.0,3000.0,20500000000.0,0.28,25000000000.0,5.0,1200000000.0,0.26,40000000.0,0.05,2,0.04120872778569941,7137169941.193028,0.0032059567013883877,131,384
40,50000000.0,15.0,3000.0,20500000000.0,0.28,25000000000.0,5.0,1200000000.0,0.26,40000000.0,0.05,3,0.05478545035955935,7558087245.47903,0.006127627688351336,121,378
40,50000000.0,15.0,3000.0,20500000000.0,0.28,25000000000.0,5.0,1200000000.0,0.26,40000000.0,0.05,4,0.06847877919439643,9013762688.975206,0.013688136493295634,115,372
40,50000000.0,15.0,3000.0,20500000000.0,0.28,25000000000.0,5.0,1200000000.0,0.26,40000000.0,0.05,5,0.08153147033835943,10271226612.905869,0.04527312675594075,114,360
40,50000000.0,15.0,3000.0,20500000000.0,0.28,25000000000.0,5.0,1200000000.0,0.26,40000000.0,0.05,6,0.09575810949825744,10194664930.59352,0.08780579725057426,113,359
40,50000000.0,15.0,3000.0,20500000000.0,0.28,25000000000.0,5.0,1200000000.0,0.26,40000000.0,0.05,7,0.11008741890615238,8561166096.171761,0.14289252042849673,113,359
40,50000000.0,15.0,3000.0,20500000000.0,0.28,25000000000.0,5.0,1200000000.0,0.26,40000000.0,0.05,8,0.12420339110207348,7791920401.38156,0.19636847841191019,113,359
40,50000000.0,15.0,3000.0,20500000000.0,0.28,25000000000.0,5.0,1200000000.0,0.26,40000000.0,0.05,9,0.13810920228696064,10021182279.888153,0.2564248038023839,113,359
40,50000000.0,15.0,3000.0,20500000000.0,0.28,25000000000.0,5.0,1200000000.0,0.26,40000000.0,0.05,10,0.1518079813739305,10844981337.901682,0.3246449054556416,113,359
40,50000000.0,15.0,3000.0,20500000000.0,0.28,25000000000.0,5.0,1200000000.0,0.26,40000000.0,0.05,11,0.16530281069230596,6163581357.080055,0.3868195247867609,113,359
40,50000000.0,15.0,3000.0,20500000000.0,0.28,25000000000.0,5.0,1200000000.0,0.26,40000000.0,0.05,12,0.17859672668116264,9773196416.357866,0.44591965557636526,113,359
40,50000000.0,15.0,3000.0,20500000000.0,0.28,25000000000.0,5.0,1200000000.0,0.26,40000000.0,0.05,13,0.19169272057255057,12331647726.32273,0.5039448874995224,113,359
40,50000000.0,15.0,3000.0,20500000000.0,0.28,25000000000.0,5.0,1200000000.0,0.26,40000000.0,0.05,14,0.20459373906454667,7249094815.011518,0.5602026455128746,113,358
41,50000000.0,15.0,8000.0,20500000000.0,0.28,250000000.0,5.0,1200000000.0,0.26,10000000.0,0.15,0,0.013895418040526636,0.0010013646702385698,0.0,131,384
41,50000000.0,15.0,8000.0,20500000000.0,0.28,250000000.0,5.0,1200000000.0,0.26,10000000.0,0.15,1,0.027584936491477585,72059257.64372331,0.0010434121722430305,128,376
41,50000000.0,15.0,8000.0,20500000000.0,0.28,250000000.0,5.0,1200000000.0,0.26,10000000.0,0.15,2,0.04106918503402092,22555584.607037388,0.0023844933895500755,127,372
41,50000000.0,15.0,8000.0,20500000000.0,0.28,250000000.0,5.0,1200000000.0,0.26,10000000.0,0.15,3,0.05435342310077286,113747803.81838767,0.00433056397223673,121,368
41,50000000.0,15.0,8000.0,20500000000.0,0.28,250000000.0,5.0,1200000000.0,0.26,10000000.0,0.15,4,0.06743292285584689,77407704.44539768,0.006188082065312059,117,359
41,50000000.0,15.0,8000.0,20500000000.0,0.28,250000000.0,5.0,1200000000.0,0.26,10000000.0,0.15,5,0.08031518095015633,63561677.17866555,0.008519585076493188,116,355
41,50000000.0,15.0,8000.0,20500000000.0,0.28,250000000.0,5.0,1200000000.0,0.26,10000000.0,0.15,6,0.0930043218976572,70710731.86653017,0.012890912408491962,112,354
41,50000000.0,15.0,8000.0,20500000000.0,0.28,250000000.0,5.0,1200000000.0,0.26,10000000.0,0.15,7,0.105502398997093,50428105.624642715,0.02766942092419805,111,354
41,50000000.0,15.0,8000.0,20500000000.0,0.28,250000000.0,5.0,1200000000.0,0.26,10000000.0,0.15,8,0.11782664501706337,179513197.13970342,0.04504979737336317,104,353
41,50000000.0,15.0,8000.0,20500000000.0,0.28,250000000.0,5.0,1200000000.0,0.26,10000000.0,0.15,9,0.13002460000301705,58474046.943287425,0.06418649188628135,91,337
41,50000000.0,15.0,8000.0,20500000000.0,0.28,250000000.0,5.0,1200000000.0,0.26,10000000.0,0.15,10,0.1420040343875963,205270233.3232778,0.08635374131082069,86,334
41,50000000.0,15.0,8000.0,20500000000.0,0.28,250000000.0,5.0,1200000000.0,0.26,10000000.0,0.15,11,0.15403520264772888,243548600.78439775,0.10865331725379622,79,329
41,50000000.0,15.0,8000.0,20500000000.0,0.28,250000000.0,5.0,1200000000.0,0.26,10000000.0,0.15,12,0.16591389030290035,100590559.93329391,0.13230562876673296,75,325
41,50000000.0,15.0,8000.0,20500000000.0,0.28,250000000.0,5.0,1200000000.0,0.26,10000000.0,0.15,13,0.18372375923938813,113596699.67576465,0.1565885699481911,71,321
41,50000000.0,15.0,8000.0,20500000000.0,0.28,250000000.0,5.0,1200000000.0,0.26,10000000.0,0.15,14,0.20627623366284678,121846967.51920411,0.18018124866668273,64,304
42,50000000.0,15.0,8000.0,20500000000.0,0.28,250000000.0,5.0,1200000000.0,0.26,10000000.0,0.05,0,0.013895418040526636,0.0010013646702385698,0.0,131,384
42,50000000.0,15.0,8000.0,20500000000.0,0.28,250000000.0,5.0,1200000000.0,0.26,10000000.0,0.05,1,0.027584936491477585,72059257.64372331,0.0010434121722430305,128,376
42,50000000.0,15.0,8000.0,20500000000.0,0.28,250000000.0,5.0,1200000000.0,0.26,10000000.0,0.05,2,0.04106918503402092,22555584.607037388,0.0023844933895500755,127,372
42,50000000.0,15.0,8000.0,20500000000.0,0.28,250000000.0,5.0,1200000000.0,0.26,10000000.0,0.05,3,0.05435342310077286,113747803.81838767,0.00433056397223673,121,368
42,50000000.0,15.0,8000.0,20500000000.0,0.28,250000000.0,5.0,1200000000.0,0.26,10000000.0,0.05,4,0.06743292285584689,77407704.44539768,0.006188082065312059,117,359
42,50000000.0,15.0,8000.0,20500000000.0,0.28,250000000.0,5.0,1200000000.0,0.26,10000000.0,0.05,5,0.08031518095015633,63561677.17866555,0.008519585076493188,116,355
42,50000000.0,15.0,8000.0,20500000000.0,0.28,250000000.0,5.0,1200000000.0,0.26,10000000.0,0.05,6,0.0930043218976572,70710731.86653017,0.012890912408491962,112,354
42,50000000.0,15.0,8000.0,20500000000.0,0.28,250000000.0,5.0,1200000000.0,0.26,10000000.0,0.05,7,0.105502398997093,50428105.624642715,0.02766942092419805,111,354
42,50000000.0,15.0,8000.0,20500000000.0,0.28,250000000.0,5.0,1200000000.0,0.26,10000000.0,0.05,8,0.11782664501706337,179513197.13970342,0.04504979737336317,104,353
42,50000000.0,15.0,8000.0,20500000000.0,0.28,250000000.0,5.0,1200000000.0,0.26,10000000.0,0.05,9,0.13002460000301705,58474046.943287425,0.06418649188628135,91,337
42,50000000.0,15.0,8000.0,20500000000.0,0.28,250000000.0,5.0,1200000000.0,0.26,10000000.0,0.05,10,0.1420040343875963,205270233.3232778,0.08635374131082069,86,334
42,50000000.0,15.0,8000.0,20500000000.0,0.28,250000000.0,5.0,1200000000.0,0.26,10000000.0,0.05,11,0.15403520264772888,243548600.78439775,0.10865331725379622,79,329
42,50000000.0,15.0,8000.0,20500000000.0,0.28,250000000.0,5.0,1200000000.0,0.26,10000000.0,0.05,12,0.16591389030290035,100590559.93329391,0.13230562876673296,75,325
42,50000000.0,15.0,8000.0,20500000000.0,0.28,250000000.0,5.0,1200000000.0,0.26,10000000.0,0.05,13,0.18372375923938813,113596699.67576465,0.1565885699481911,71,321
42,50000000.0,15.0,8000.0,20500000000.0,0.28,250000000.0,5.0,1200000000.0,0.26,10000000.0,0.05,14,0.20627623366284678,121846967.51920411,0.18018124866668273,64,304
43,50000000.0,15.0,8000.0,20500000000.0,0.28,250000000.0,5.0,1200000000.0,0.26,40000000.0,0.15,0,0.013895418040526636,0.0010013646702385698,0.0,131,384
43,50000000.0,15.0,8000.0,20500000000.0,0.28,250000000.0,5.0,1200000000.0,0.26,40000000.0,0.15,1,0.02758493278416191,73295903.21593241,0.0003109170174019793,127,384
43,50000000.0,15.0,8000.0,20500000000.0,0.28,250000000.0,5.0,1200000000.0,0.26,40000000.0,0.15,2,0.04106919522710805,69386251.03287132,0.00036821706593947345,120,384
43,50000000.0,15.0,8000.0,20500000000.0,0.28,250000000.0,5.0,1200000000.0,0.26,40000000.0,0.15,3,0.05435332970897829,62312581.10491935,0.0009173641745507702,113,384
43,50000000.0,15.0,8000.0,20500000000.0,0.28,250000000.0,5.0,1200000000.0,0.26,40000000.0,0.15,4,0.06742297941041406,50475391.061544985,0.0023407109755140118,102,384
43,50000000.0,15.0,8000.0,20500000000.0,0.28,250000000.0,5.0,1200000000.0,0.26,40000000.0,0.15,5,0.08028676181218053,58982455.43386736,0.0031761386091122977,95,384
43,50000000.0,15.0,8000.0,20500000000.0,0.28,250000000.0,5.0,1200000000.0,0.26,40000000.0,0.15,6,0.09295842778158987,57201894.81842178,0.004734292636684022,88,384
43,50000000.0,15.0,8000.0,20500000000.0,0.28,250000000.0,5.0,1200000000.0,0.26,40000000.0,0.15,7,0.10544458225276877,72364903.41927794,0.0064830565730167765,84,384
43,50000000.0,15.0,8000.0,20500000000.0,0.28,250000000.0,5.0,1200000000.0,0.26,40000000.0,0.15,8,0.1177377147286009,49296555.27776579,0.008522416060627551,78,384
43,50000000.0,15.0,8000.0,20500000000.0,0.28,250000000.0,5.0,1200000000.0,0.26,40000000.0,0.15,9,0.129830995083256,91579126.08927152,0.011061745977530051,71,383
43,50000000.0,15.0,8000.0,20500000000.0,0.28,250000000.0,5.0,1200000000.0,0.26,40000000.0,0.15,10,0.14174935634675453,45920766.52786192,0.013669632734615873,66,383
43,50000000.0,15.0,8000.0,20500000000.0,0.28,250000000.0,5.0,1200000000.0,0.26,40000000.0,0.15,11,0.1534691711095653,18432070.88246848,0.016680062395574773,61,383
43,50000000.0,15.0,8000.0,20500000000.0,0.28,250000000.0,5.0,1200000000.0,0.26,40000000.0,0.15,12,0.1650172836182329,50727375.82876423,0.019594846190954238,56,382
43,50000000.0,15.0,8000.0,20500000000.0,0.28,250000000.0,5.0,1200000000.0,0.26,40000000.0,0.15,13,0.1763652237776018,44641592.59960013,0.022814341696673342,52,382
43,50000000.0,15.0,8000.0,20500000000.0,0.28,250000000.0,5.0,1200000000.0,0.26,40000000.0,0.15,14,0.18752102397345646,159342817.51824138,0.027081434160625553,41,381
44,50000000.0,15.0,8000.0,20500000000.0,0.28,250000000.0,5.0,1200000000.0,0.26,40000000.0,0.05,0,0.013895418040526636,0.0010013646702385698,0.0,131,384
44,50000000.0,15.0,8000.0,20500000000.0,0.28,250000000.0,5.0,1200000000.0,0.26,40000000.0,0.05,1,0.02758493278416191,73295903.21593241,0.0003109170174019793,127,384
44,50000000.0,15.0,8000.0,20500000000.0,0.28,250000000.0,5.0,1200000000.0,0.26,40000000.0,0.05,2,0.04106919522710805,69386251.03287132,0.00036821706593947345,120,384
44,50000000.0,15.0,8000.0,20500000000.0,0.28,250000000.0,5.0,1200000000.0,0.26,40000000.0,0.05,3,0.05435332970897829,62312581.10491935,0.0009173641745507702,113,384
44,50000000.0,15.0,8000.0,20500000000.0,0.28,250000000.0,5.0,1200000000.0,0.26,40000000.0,0.05,4,0.06742297941041406,50475391.061544985,0.0023407109755140118,102,384
44,50000000.0,15.0,8000.0,20500000000.0,0.28,250000000.0,5.0,1200000000.0,0.26,40000000.0,0.05,5,0.08028676181218053,58982455.43386736,0.0031761386091122977,95,384
44,50000000.0,15.0,8000.0,20500000000.0,0.28,250000000.0,5.0,1200000000.0,0.26,40000000.0,0.05,6,0.09295842778158987,57201894.81842178,0.004734292636684022,88,384
44,50000000.0,15.0,8000.0,20500000000.0,0.28,250000000.0,5.0,1200000000.0,0.26,40000000.0,0.05,7,0.10544458225276877,72364903.41927794,0.0064830565730167765,84,384
44,50000000.0,15.0,8000.0,20500000000.0,0.28,250000000.0,5.0,1200000000.0,0.26,40000000.0,0.05,8,0.1177377147286009,49296555.27776579,0.008522416060627551,78,384
44,50000000.0,15.0,8000.0,20500000000.0,0.28,250000000.0,5.0,1200000000.0,0.26,40000000.0,0.05,9,0.129830995083256,91579126.08927152,0.011061745977530051,71,383
44,50000000.0,15.0,8000.0,20500000000.0,0.28,250000000.0,5.0,1200000000.0,0.26,40000000.0,0.05,10,0.14174935634675453,45920766.52786192,0.013669632734615873,66,383
44,50000000.0,15.0,8000.0,20500000000.0,0.28,250000000.0,5.0,1200000000.0,0.26,40000000.0,0.05,11,0.1534691711095653,18432070.88246848,0.016680062395574773,61,383
44,50000000.0,15.0,8000.0,20500000000.0,0.28,250000000.0,5.0,1200000000.0,0.26,40000000.0,0.05,12,0.1650172836182329,50727375.82876423,0.019594846190954238,56,382
44,50000000.0,15.0,8000.0,20500000000.0,0.28,250000000.0,5.0,1200000000.0,0.26,40000000.0,0.05,13,0.1763652237776018,44641592.59960013,0.022814341696673342,52,382
44,50000000.0,15.0,8000.0,20500000000.0,0.28,250000000.0,5.0,1200000000.0,0.26,40000000.0,0.05,14,0.18752102397345646,159342817.51824138,0.027081434160625553,41,381
45,50000000.0,15.0,8000.0,20500000000.0,0.28,25000000000.0,5.0,1200000000.0,0.26,10000000.0,0.15,0,0.013895418040526636,0.0010013646702385698,0.0,131,384
45,50000000.0,15.0,8000.0,20500000000.0,0.28,25000000000.0,5.0,1200000000.0,0.26,10000000.0,0.15,1,0.027632864696997626,4740370064.7032175,0.0019428104098561348,131,375
45,50000000.0,15.0,8000.0,20500000000.0,0.28,25000000000.0,5.0,1200000000.0,0.26,10000000.0,0.15,2,0.04115089235371589,7413094675.546626,0.00724316243009823,128,371
45,50000000.0,15.0,8000.0,20500000000.0,0.28,25000000000.0,5.0,1200000000.0,0.26,10000000.0,0.15,3,0.054678325356772445,8101273355.40808,0.014297346695187459,110,360
45,50000000.0,15.0,8000.0,20500000000.0,0.28,25000000000.0,5.0,1200000000.0,0.26,10000000.0,0.15,4,0.06804750228426298,12177136342.366812,0.02124719701006601,110,348
45,50000000.0,15.0,8000.0,20500000000.0,0.28,25000000000.0,5.0,1200000000.0,0.26,10000000.0,0.15,5,0.0812176366165445,13587572029.171207,0.028094697589965877,109,347
45,50000000.0,15.0,8000.0,20500000000.0,0.28,25000000000.0,5.0,1200000000.0,0.26,10000000.0,0.15,6,0.09419169173385562,6491810558.469435,0.035254338006735206,109,347
45,50000000.0,15.0,8000.0,20500000000.0,0.28,25000000000.0,5.0,1200000000.0,0.26,10000000.0,0.15,7,0.10697258689712182,5990245352.388426,0.05303435356560171,109,335
45,50000000.0,15.0,8000.0,20500000000.0,0.28,25000000000.0,5.0,1200000000.0,0.26,10000000.0,0.15,8,0.11956319790481222,9821562640.155443,0.0705496572084779,109,323
45,50000000.0,15.0,8000.0,20500000000.0,0.28,25000000000.0,5.0,1200000000.0,0.26,10000000.0,0.15,9,0.13196635774001625,9671220271.894749,0.08780419001169389,108,311
45,50000000.0,15.0,8000.0,20500000000.0,0.28,25000000000.0,5.0,1200000000.0,0.26,10000000.0,0.15,10,0.14418485720788612,7136939626.868772,0.10480183437616007,108,309
45,50000000.0,15.0,8000.0,20500000000.0,0.28,25000000000.0,5.0,1200000000.0,0.26,10000000.0,0.15,11,0.1562214455635887,15867078921.385345,0.12154641490093851,107,309
45,50000000.0,15.0,8000.0,20500000000.0,0.28,25000000000.0,5.0,1200000000.0,0.26,10000000.0,0.15,12,0.1680788311309086,12005096867.529854,0.13804169924380422,106,307
45,50000000.0,15.0,8000.0,20500000000.0,0.28,25000000000.0,5.0,1200000000.0,0.26,10000000.0,0.15,13,0.17975968191164382,13135208950.697256,0.1542913989689994,105,300
45,50000000.0,15.0,8000.0,20500000000.0,0.28,25000000000.0,5.0,1200000000.0,0.26,10000000.0,0.15,14,0.19126662618592363,13568678179.954838,0.17029917038236161,105,295
46,50000000.0,15.0,8000.0,20500000000.0,0.28,25000000000.0,5.0,1200000000.0,0.26,10000000.0,0.05,0,0.013895418040526636,0.0010013646702385698,0.0,131,384
46,50000000.0,15.0,8000.0,20500000000.0,0.28,25000000000.0,5.0,1200000000.0,0.26,10000000.0,0.05,1,0.027632864696997626,4740370064.7032175,0.0019428104098561348,131,375
46,50000000.0,15.0,8000.0,20500000000.0,0.28,25000000000.0,5.0,1200000000.0,0.26,10000000.0,0.05,2,0.04115089235371589,7413094675.546626,0.00724316243009823,128,371
46,50000000.0,15.0,8000.0,20500000000.0,0.28,25000000000.0,5.0,1200000000.0,0.26,10000000.0,0.05,3,0.054678325356772445,8101273355.40808,0.014297346695187459,110,360
46,50000000.0,15.0,8000.0,20500000000.0,0.28,25000000000.0,5.0,1200000000.0,0.26,10000000.0,0.05,4,0.06804750228426298,12177136342.366812,0.02124719701006601,110,348
46,50000000.0,15.0,8000.0,20500000000.0,0.28,25000000000.0,5.0,1200000000.0,0.26,10000000.0,0.05,5,0.0812176366165445,13587572029.171207,0.028094697589965877,109,347
46,50000000.0,15.0,8000.0,20500000000.0,0.28,25000000000.0,5.0,1200000000.0,0.26,10000000.0,0.05,6,0.09419169173385562,6491810558.469435,0.035254338006735206,109,347
46,50000000.0,15.0,8000.0,20500000000.0,0.28,25000000000.0,5.0,1200000000.0,0.26,10000000.0,0.05,7,0.10697258689712182,5990245352.388426,0.05303435356560171,109,335
46,50000000.0,15.0,8000.0,20500000000.0,0.28,25000000000.0,5.0,1200000000.0,0.26,10000000.0,0.05,8,0.11956319790481222,9821562640.155443,0.0705496572084779,109,323
46,50000000.0,15.0,8000.0,20500000000.0,0.28,25000000000.0,5.0,1200000000.0,0.26,10000000.0,0.05,9,0.13196635774001625,9671220271.894749,0.08780419001169389,108,311
46,50000000.0,15.0,8000.0,20500000000.0,0.28,25000000000.0,5.0,1200000000.0,0.26,10000000.0,0.05,10,0.14418485720788612,7136939626.868772,0.10480183437616007,108,309
46,50000000.0,15.0,8000.0,20500000000.0,0.28,25000000000.0,5.0,1200000000.0,0.26,10000000.0,0.05,11,0.1562214455635887,15867078921.385345,0.12154641490093851,107,309
46,50000000.0,15.0,8000.0,20500000000.0,0.28,25000000000.0,5.0,1200000000.0,0.26,10000000.0,0.05,12,0.1680788311309086,12005096867.529854,0.13804169924380422,106,307
46,50000000.0,15.0,8000.0,20500000000.0,0.28,25000000000.0,5.0,1200000000.0,0.26,10000000.0,0.05,13,0.17975968191164382,13135208950.697256,0.1542913989689994,105,300
46,50000000.0,15.0,8000.0,20500000000.0,0.28,25000000000.0,5.0,1200000000.0,0.26,10000000.0,0.05,14,0.19126662618592363,13568678179.954838,0.17029917038236161,105,295
47,50000000.0,15.0,8000.0,20500000000.0,0.28,25000000000.0,5.0,1200000000.0,0.26,40000000.0,0.15,0,0.013895418040526636,0.0010013646702385698,0.0,131,384
47,50000000.0,15.0,8000.0,20500000000.0,0.28,25000000000.0,5.0,1200000000.0,0.26,40000000.0,0.15,1,0.027664418360585235,9999120754.796415,0.0010240171079474907,131,384
47,50000000.0,15.0,8000.0,20500000000.0,0.28,25000000000.0,5.0,1200000000.0,0.26,40000000.0,0.15,2,0.04117838402721762,7060418184.4835415,0.0031782484356579314,130,384
47,50000000.0,15.0,8000.0,20500000000.0,0.28,25000000000.0,5.0,1200000000.0,0.26,40000000.0,0.15,3,0.05476554433871151,16900377819.496042,0.005153134337576133,122,381
47,50000000.0,15.0,8000.0,20500000000.0,0.28,25000000000.0,5.0,1200000000.0,0.26,40000000.0,0.15,4,0.06844381284850042,23556503372.811924,0.01461030505893157,114,370
47,50000000.0,15.0,8000.0,20500000000.0,0.28,25000000000.0,5.0,1200000000.0,0.26,40000000.0,0.15,5,0.08156748071854868,8455487664.458063,0.025104899233849204,112,370
47,50000000.0,15.0,8000.0,20500000000.0,0.28,25000000000.0,5.0,1200000000.0,0.26,40000000.0,0.15,6,0.0956173854703819,12467901111.584904,0.0354432480937733,111,370
47,50000000.0,15.0,8000.0,20500000000.0,0.28,25000000000.0,5.0,1200000000.0,0.26,40000000.0,0.15,7,0.10980653870862986,9966554187.3143,0.05246333381924399,111,370
47,50000000.0,15.0,8000.0,20500000000.0,0.28,25000000000.0,5.0,1200000000.0,0.26,40000000.0,0.15,8,0.12378444140395578,8731314864.4407,0.0715102462462465,111,370
47,50000000.0,15.0,8000.0,20500000000.0,0.28,25000000000.0,5.0,1200000000.0,0.26,40000000.0,0.15,9,0.1375542386906135,6950880882.484226,0.09794387071117748,111,365
47,50000000.0,15.0,8000.0,20500000000.0,0.28,25000000000.0,5.0,1200000000.0,0.26,40000000.0,0.15,10,0.15111902887755943,8901791785.469162,0.12500090421668647,111,365
47,50000000.0,15.0,8000.0,20500000000.0,0.28,25000000000.0,5.0,1200000000.0,0.26,40000000.0,0.15,11,0.16448186414559632,13036724107.154074,0.15168043415886504,111,365
47,50000000.0,15.0,8000.0,20500000000.0,0.28,25000000000.0,5.0,1200000000.0,0.26,40000000.0,0.15,12,0.17764575123413626,10009952739.649244,0.17597574722834014,111,365
47,50000000.0,15.0,8000.0,20500000000.0,0.28,25000000000.0,5.0,1200000000.0,0.26,40000000.0,0.15,13,0.19061365211773992,7897403824.035635,0.196498635463566,111,365
47,50000000.0,15.0,8000.0,20500000000.0,0.28,25000000000.0,5.0,1200000000.0,0.26,40000000.0,0.15,14,0.20338848467258389,10856800865.631348,0.21673094374601348,111,365
48,50000000.0,15.0,8000.0,20500000000.0,0.28,25000000000.0,5.0,1200000000.0,0.26,40000000.0,0.05,0,0.013895418040526636,0.0010013646702385698,0.0,131,384
48,50000000.0,15.0,8000.0,20500000000.0,0.28,25000000000.0,5.0,1200000000.0,0.26,40000000.0,0.05,1,0.027664418360585235,9999120754.796415,0.0010240171079474907,131,384
48,50000000.0,15.0,8000.0,20500000000.0,0.28,25000000000.0,5.0,1200000000.0,0.26,40000000.0,0.05,2,0.04117838402721762,7060418184.4835415,0.0031782484356579314,130,384
48,50000000.0,15.0,8000.0,20500000000.0,0.28,25000000000.0,5.0,1200000000.0,0.26,40000000.0,0.05,3,0.05476554433871151,16900377819.496042,0.005153134337576133,122,381
48,50000000.0,15.0,8000.0,20500000000.0,0.28,25000000000.0,5.0,1200000000.0,0.26,40000000.0,0.05,4,0.06844381284850042,23556503372.811924,0.01461030505893157,114,370
48,50000000.0,15.0,8000.0,20500000000.0,0.28,25000000000.0,5.0,1200000000.0,0.26,40000000.0,0.05,5,0.08156748071854868,8455487664.458063,0.025104899233849204,112,370
48,50000000.0,15.0,8000.0,20500000000.0,0.28,25000000000.0,5.0,1200000000.0,0.26,40000000.0,0.05,6,0.0956173854703819,12467901111.584904,0.0354432480937733,111,370
48,50000000.0,15.0,8000.0,20500000000.0,0.28,25000000000.0,5.0,1200000000.0,0.26,40000000.0,0.05,7,0.10980653870862986,9966554187.3143,0.05246333381924399,111,370
48,50000000.0,15.0,8000.0,20500000000.0,0.28,25000000000.0,5.0,1200000000.0,0.26,40000000.0,0.05,8,0.12378444140395578,8731314864.4407,0.0715102462462465,111,370
48,50000000.0,15.0,8000.0,20500000000.0,0.28,25000000000.0,5.0,1200000000.0,0.26,40000000.0,0.05,9,0.1375542386906135,6950880882.484226,0.09794387071117748,111,365
48,50000000.0,15.0,8000.0,20500000000.0,0.28,25000000000.0,5.0,1200000000.0,0.26,40000000.0,0.05,10,0.15111902887755943,8901791785.469162,0.12500090421668647,111,365
48,50000000.0,15.0,8000.0,20500000000.0,0.28,25000000000.0,5.0,1200000000.0,0.26,40000000.0,0.05,11,0.16448186414559632,13036724107.154074,0.15168043415886504,111,365
48,50000000.0,15.0,8000.0,20500000000.0,0.28,25000000000.0,5.0,1200000000.0,0.26,40000000.0,0.05,12,0.17764575123413626,10009952739.649244,0.17597574722834014,111,365
48,50000000.0,15.0,8000.0,20500000000.0,0.28,25000000000.0,5.0,1200000000.0,0.26,40000000.0,0.05,13,0.19061365211773992,7897403824.035635,0.196498635463566,111,365
48,50000000.0,15.0,8000.0,20500000000.0,0.28,25000000000.0,5.0,1200000000.0,0.26,40000000.0,0.05,14,0.20338848467258389,10856800865.631348,0.21673094374601348,111,365
49,50000000.0,50.0,3000.0,20500000000.0,0.28,250000000.0,5.0,1200000000.0,0.26,10000000.0,0.15,0,0.013655411276284609,0.0008898990652496419,0.0,131,384
49,50000000.0,50.0,3000.0,20500000000.0,0.28,250000000.0,5.0,1200000000.0,0.26,10000000.0,0.15,1,0.02664570015637814,62845704.6372586,0.001570016609937625,128,376
49,50000000.0,50.0,3000.0,20500000000.0,0.28,250000000.0,5.0,1200000000.0,0.26,10000000.0,0.15,2,0.03900144164757943,18160929.73681046,0.0037904865926037083,127,371
49,50000000.0,50.0,3000.0,20500000000.0,0.28,250000000.0,5.0,1200000000.0,0.26,10000000.0,0.15,3,0.050754843727981246,96844634.71751861,0.006208452306188104,121,368
49,50000000.0,50.0,3000.0,20500000000.0,0.28,250000000.0,5.0,1200000000.0,0.26,10000000.0,0.15,4,0.06192841483539563,116364997.44297485,0.008502697693449964,118,362
49,50000000.0,50.0,3000.0,20500000000.0,0.28,250000000.0,5.0,1200000000.0,0.26,10000000.0,0.15,5,0.07255619471245203,89031221.451805,0.010678805358351135,117,361
49,50000000.0,50.0,3000.0,20500000000.0,0.28,250000000.0,5.0,1200000000.0,0.26,10000000.0,0.15,6,0.08266066733631695,60748197.3382721,0.012754051413714737,117,361
49,50000000.0,50.0,3000.0,20500000000.0,0.28,250000000.0,5.0,1200000000.0,0.26,10000000.0,0.15,7,0.09228688292769303,38540068.50216322,0.014734546128353702,116,357
49,50000000.0,50.0,3000.0,20500000000.0,0.28,250000000.0,5.0,1200000000.0,0.26,10000000.0,0.15,8,0.10142313246113338,170523819.30381963,0.01662194584435232,113,356
49,50000000.0,50.0,3000.0,20500000000.0,0.28,250000000.0,5.0,1200000000.0,0.26,10000000.0,0.15,9,0.11011957948857995,57370633.56881751,0.018410461171888135,113,356
49,50000000.0,50.0,3000.0,20500000000.0,0.28,250000000.0,5.0,1200000000.0,0.26,10000000.0,0.15,10,0.11839988607539889,71208564.88318597,0.020789884461952696,106,355
49,50000000.0,50.0,3000.0,20500000000.0,0.28,250000000.0,5.0,1200000000.0,0.26,10000000.0,0.15,11,0.12627358906378996,98905901.25161122,0.023059469878524183,99,348
49,50000000.0,50.0,3000.0,20500000000.0,0.28,250000000.0,5.0,1200000000.0,0.26,10000000.0,0.15,12,0.13374379667534297,48138192.00008404,0.026109291373550725,98,344
49,50000000.0,50.0,3000.0,20500000000.0,0.28,250000000.0,5.0,1200000000.0,0.26,10000000.0,0.15,13,0.14086531089461984,53125241.04865435,0.02902678879268652,98,343
49,50000000.0,50.0,3000.0,20500000000.0,0.28,250000000.0,5.0,1200000000.0,0.26,10000000.0,0.15,14,0.14763949629897646,158826832.4409105,0.03180199471454814,95,340
50,50000000.0,50.0,3000.0,20500000000.0,0.28,250000000.0,5.0,1200000000.0,0.26,10000000.0,0.05,0,0.013655411276284609,0.0008898990652496419,0.0,131,384
50,50000000.0,50.0,3000.0,20500000000.0,0.28,250000000.0,5.0,1200000000.0,0.26,10000000.0,0.05,1,0.02664570015637814,62845704.6372586,0.001570016609937625,128,376
50,50000000.0,50.0,3000.0,20500000000.0,0.28,250000000.0,5.0,1200000000.0,0.26,10000000.0,0.05,2,0.03900144164757943,18160929.73681046,0.0037904865926037083,127,371
50,50000000.0,50.0,3000.0,20500000000.0,0.28,250000000.0,5.0,1200000000.0,0.26,10000000.0,0.05,3,0.050754843727981246,96844634.71751861,0.006208452306188104,121,368
50,50000000.0,50.0,3000.0,20500000000.0,0.28,250000000.0,5.0,1200000000.0,0.26,10000000.0,0.05,4,0.06192841483539563,116364997.44297485,0.008502697693449964,118,362
50,50000000.0,50.0,3000.0,20500000000.0,0.28,250000000.0,5.0,1200000000.0,0.26,10000000.0,0.05,5,0.07255619471245203,89031221.451805,0.010678805358351135,117,361
50,50000000.0,50.0,3000.0,20500000000.0,0.28,250000000.0,5.0,1200000000.0,0.26,10000000.0,0.05,6,0.08266066733631695,60748197.3382721,0.012754051413714737,117,361
50,50000000.0,50.0,3000.0,20500000000.0,0.28,250000000.0,5.0,1200000000.0,0.26,10000000.0,0.05,7,0.09228688292769303,38540068.50216322,0.014734546128353702,116,357
50,50000000.0,50.0,3000.0,20500000000.0,0.28,250000000.0,5.0,1200000000.0,0.26,10000000.0,0.05,8,0.10142313246113338,170523819.30381963,0.01662194584435232,113,356
50,50000000.0,50.0,3000.0,20500000000.0,0.28,250000000.0,5.0,1200000000.0,0.26,10000000.0,0.05,9,0.11011957948857995,57370633.56881751,0.018410461171888135,113,356
50,50000000.0,50.0,3000.0,20500000000.0,0.28,250000000.0,5.0,1200000000.0,0.26,10000000.0,0.05,10,0.11839988607539889,71208564.88318597,0.020789884461952696,106,355
50,50000000.0,50.0,3000.0,20500000000.0,0.28,250000000.0,5.0,1200000000.0,0.26,10000000.0,0.05,11,0.12627358906378996,98905901.25161122,0.023059469878524183,99,348
50,50000000.0,50.0,3000.0,20500000000.0,0.28,250000000.0,5.0,1200000000.0,0.26,10000000.0,0.05,12,0.13374379667534297,48138192.00008404,0.026109291373550725,98,344
50,50000000.0,50.0,3000.0,20500000000.0,0.28,250000000.0,5.0,1200000000.0,0.26,10000000.0,0.05,13,0.14086531089461984,53125241.04865435,0.02902678879268652,98,343
50,50000000.0,50.0,3000.0,20500000000.0,0.28,250000000.0,5.0,1200000000.0,0.26,10000000.0,0.05,14,0.14763949629897646,158826832.4409105,0.03180199471454814,95,340
51,50000000.0,50.0,3000.0,20500000000.0,0.28,250000000.0,5.0,1200000000.0,0.26,40000000.0,0.15,0,0.013655411276284609,0.0008898990652496419,0.0,131,384
51,50000000.0,50.0,3000.0,20500000000.0,0.28,250000000.0,5.0,1200000000.0,0.26,40000000.0,0.15,1,0.026645689819255948,62003886.28067636,0.00038177829760322395,127,384
51,50000000.0,50.0,3000.0,20500000000.0,0.28,250000000.0,5.0,1200000000.0,0.26,40000000.0,0.15,2,0.0390014808928072,54173621.153109364,0.0003832585244173732,122,384
51,50000000.0,50.0,3000.0,20500000000.0,0.28,250000000.0,5.0,1200000000.0,0.26,40000000.0,0.15,3,0.05075478560241669,159057091.60112455,0.000989389665943486,113,384
51,50000000.0,50.0,3000.0,20500000000.0,0.28,250000000.0,5.0,1200000000.0,0.26,40000000.0,0.15,4,0.06192030835161838,41536018.08199764,0.0014441905293821168,106,384
51,50000000.0,50.0,3000.0,20500000000.0,0.28,250000000.0,5.0,1200000000.0,0.26,40000000.0,0.15,5,0.07253086447535333,56574829.38497064,0.0021313041981969316,102,384
51,50000000.0,50.0,3000.0,20500000000.0,0.28,250000000.0,5.0,1200000000.0,0.26,40000000.0,0.15,6,0.08262864768243475,81069400.83814552,0.0032018006149358183,95,384
51,50000000.0,50.0,3000.0,20500000000.0,0.28,250000000.0,5.0,1200000000.0,0.26,40000000.0,0.15,7,0.09222397927441287,77047478.47763641,0.004409726931772708,88,384
51,50000000.0,50.0,3000.0,20500000000.0,0.28,250000000.0,5.0,1200000000.0,0.26,40000000.0,0.15,8,0.10135731918564277,78591359.60482043,0.005674520023684456,86,384
51,50000000.0,50.0,3000.0,20500000000.0,0.28,250000000.0,5.0,1200000000.0,0.26,40000000.0,0.15,9,0.11001905725965297,66868307.53046174,0.007275024316913103,80,384
51,50000000.0,50.0,3000.0,20500000000.0,0.28,250000000.0,5.0,1200000000.0,0.26,40000000.0,0.15,10,0.11825859697968774,42184914.01997738,0.008583277829306025,78,384
51,50000000.0,50.0,3000.0,20500000000.0,0.28,250000000.0,5.0,1200000000.0,0.26,40000000.0,0.15,11,0.12607971390052197,185822691.72410938,0.009972428988281108,72,384
51,50000000.0,50.0,3000.0,20500000000.0,0.28,250000000.0,5.0,1200000000.0,0.26,40000000.0,0.15,12,0.13353762863091265,105005763.9277583,0.011911756278084969,71,384
51,50000000.0,50.0,3000.0,20500000000.0,0.28,250000000.0,5.0,1200000000.0,0.26,40000000.0,0.15,13,0.14061230118246534,247538282.3181591,0.013674005533353278,66,384
51,50000000.0,50.0,3000.0,20500000000.0,0.28,250000000.0,5.0,1200000000.0,0.26,40000000.0,0.15,14,0.14731928267301977,39761150.4145709,0.015261775303103058,63,384
52,50000000.0,50.0,3000.0,20500000000.0,0.28,250000000.0,5.0,1200000000.0,0.26,40000000.0,0.05,0,0.013655411276284609,0.0008898990652496419,0.0,131,384
52,50000000.0,50.0,3000.0,20500000000.0,0.28,250000000.0,5.0,1200000000.0,0.26,40000000.0,0.05,1,0.026645689819255948,62003886.28067636,0.00038177829760322395,127,384
52,50000000.0,50.0,3000.0,20500000000.0,0.28,250000000.0,5.0,1200000000.0,0.26,40000000.0,0.05,2,0.0390014808928072,54173621.153109364,0.0003832585244173732,122,384
52,50000000.0,50.0,3000.0,20500000000.0,0.28,250000000.0,5.0,1200000000.0,0.26,40000000.0,0.05,3,0.05075478560241669,159057091.60112455,0.000989389665943486,113,384
52,50000000.0,50.0,3000.0,20500000000.0,0.28,250000000.0,5.0,1200000000.0,0.26,40000000.0,0.05,4,0.06192030835161838,41536018.08199764,0.0014441905293821168,106,384
52,50000000.0,50.0,3000.0,20500000000.0,0.28,250000000.0,5.0,1200000000.0,0.26,40000000.0,0.05,5,0.07253086447535333,56574829.38497064,0.0021313041981969316,102,384
52,50000000.0,50.0,3000.0,20500000000.0,0.28,250000000.0,5.0,1200000000.0,0.26,40000000.0,0.05,6,0.08262864768243475,81069400.83814552,0.0032018006149358183,95,384
52,50000000.0,50.0,3000.0,20500000000.0,0.28,250000000.0,5.0,1200000000.0,0.26,40000000.0,0.05,7,0.09222397927441287,77047478.47763641,0.004409726931772708,88,384
52,50000000.0,50.0,3000.0,20500000000.0,0.28,250000000.0,5.0,1200000000.0,0.26,40000000.0,0.05,8,0.10135731918564277,78591359.60482043,0.005674520023684456,86,384
52,50000000.0,50.0,3000.0,20500000000.0,0.28,250000000.0,5.0,1200000000.0,0.26,40000000.0,0.05,9,0.11001905725965297,66868307.53046174,0.007275024316913103,80,384
52,50000000.0,50.0,3000.0,20500000000.0,0.28,250000000.0,5.0,1200000000.0,0.26,40000000.0,0.05,10,0.11825859697968774,42184914.01997738,0.008583277829306025,78,384
52,50000000.0,50.0,3000.0,20500000000.0,0.28,250000000.0,5.0,1200000000.0,0.26,40000000.0,0.05,11,0.12607971390052197,185822691.72410938,0.009972428988281108,72,384
52,50000000.0,50.0,3000.0,20500000000.0,0.28,250000000.0,5.0,1200000000.0,0.26,40000000.0,0.05,12,0.13353762863091265,105005763.9277583,0.011911756278084969,71,384
52,50000000.0,50.0,3000.0,20500000000.0,0.28,250000000.0,5.0,1200000000.0,0.26,40000000.0,0.05,13,0.14061230118246534,247538282.3181591,0.013674005533353278,66,384
52,50000000.0,50.0,3000.0,20500000000.0,0.28,250000000.0,5.0,1200000000.0,0.26,40000000.0,0.05,14,0.14731928267301977,39761150.4145709,0.015261775303103058,63,384
53,50000000.0,50.0,3000.0,20500000000.0,0.28,25000000000.0,5.0,1200000000.0,0.26,10000000.0,0.15,0,0.013655411276284609,0.0008898990652496419,0.0,131,384
53,50000000.0,50.0,3000.0,20500000000.0,0.28,25000000000.0,5.0,1200000000.0,0.26,10000000.0,0.15,1,0.026704244232014243,4507116784.01347,0.0017500107433374146,131,376
53,50000000.0,50.0,3000.0,20500000000.0,0.28,25000000000.0,5.0,1200000000.0,0.26,10000000.0,0.15,2,0.039063430739117194,5391164245.094629,0.005718001109601887,128,371
53,50000000.0,50.0,3000.0,20500000000.0,0.28,25000000000.0,5.0,1200000000.0,0.26,10000000.0,0.15,3,0.05089265594362984,6505423588.753085,0.010110921304956017,117,360
53,50000000.0,50.0,3000.0,20500000000.0,0.28,25000000000.0,5.0,1200000000.0,0.26,10000000.0,0.15,4,0.06219018020435033,8070985659.2953005,0.014295460095005855,112,354
53,50000000.0,50.0,3000.0,20500000000.0,0.28,25000000000.0,5.0,1200000000.0,0.26,10000000.0,0.15,5,0.07290709895111884,12008561462.936802,0.029995070799927345,112,348
53,50000000.0,50.0,3000.0,20500000000.0,0.28,25000000000.0,5.0,1200000000.0,0.26,10000000.0,0.15,6,0.08314590276143685,11100273796.627926,0.07302928124720652,111,348
53,50000000.0,50.0,3000.0,20500000000.0,0.28,25000000000.0,5.0,1200000000.0,0.26,10000000.0,0.15,7,0.09290395880711745,11055196161.1283,0.1052215869412435,111,348
53,50000000.0,50.0,3000.0,20500000000.0,0.28,25000000000.0,5.0,1200000000.0,0.26,10000000.0,0.15,8,0.10217721093108081,7629401542.179156,0.1294667913670716,111,344
53,50000000.0,50.0,3000.0,20500000000.0,0.28,25000000000.0,5.0,1200000000.0,0.26,10000000.0,0.15,9,0.11094099576065254,9629655740.450302,0.1519615727080688,111,335
53,50000000.0,50.0,3000.0,20500000000.0,0.28,25000000000.0,5.0,1200000000.0,0.26,10000000.0,0.15,10,0.11930367092694671,19559408068.605762,0.18348072918592043,111,335
53,50000000.0,50.0,3000.0,20500000000.0,0.28,25000000000.0,5.0,1200000000.0,0.26,10000000.0,0.15,11,0.12728592429520375,15931248322.230776,0.20932447950349303,104,333
53,50000000.0,50.0,3000.0,20500000000.0,0.28,25000000000.0,5.0,1200000000.0,0.26,10000000.0,0.15,12,0.13917401799969922,9837588322.749886,0.21948253034052126,104,311
53,50000000.0,50.0,3000.0,20500000000.0,0.28,25000000000.0,5.0,1200000000.0,0.26,10000000.0,0.15,13,0.15509109296136375,8251764930.847874,0.22753768139890895,104,308
53,50000000.0,50.0,3000.0,20500000000.0,0.28,25000000000.0,5.0,1200000000.0,0.26,10000000.0,0.15,14,0.16727580658445199,14056743911.735409,0.240400421179901,104,300
54,50000000.0,50.0,3000.0,20500000000.0,0.28,25000000000.0,5.0,1200000000.0,0.26,10000000.0,0.05,0,0.013655411276284609,0.0008898990652496419,0.0,131,384
54,50000000.0,50.0,3000.0,20500000000.0,0.28,25000000000.0,5.0,1200000000.0,0.26,10000000.0,0.05,1,0.026704244232014243,4507116784.01347,0.0017500107433374146,131,376
54,50000000.0,50.0,3000.0,20500000000.0,0.28,25000000000.0,5.0,1200000000.0,0.26,10000000.0,0.05,2,0.039063430739117194,5391164245.094629,0.005718001109601887,128,371
54,50000000.0,50.0,3000.0,20500000000.0,0.28,25000000000.0,5.0,1200000000.0,0.26,10000000.0,0.05,3,0.05089265594362984,6505423588.753085,0.010110921304956017,117,360
54,50000000.0,50.0,3000.0,20500000000.0,0.28,25000000000.0,5.0,1200000000.0,0.26,10000000.0,0.05,4,0.06219018020435033,8070985659.2953005,0.014295460095005855,112,354
54,50000000.0,50.0,3000.0,20500000000.0,0.28,25000000000.0,5.0,1200000000.0,0.26,10000000.0,0.05,5,0.07290709895111884,12008561462.936802,0.029995070799927345,112,348
54,50000000.0,50.0,3000.0,20500000000.0,0.28,25000000000.0,5.0,1200000000.0,0.26,10000000.0,0.05,6,0.08314590276143685,11100273796.627926,0.07302928124720652,111,348
54,50000000.0,50.0,3000.0,20500000000.0,0.28,25000000000.0,5.0,1200000000.0,0.26,10000000.0,0.05,7,0.09290395880711745,11055196161.1283,0.1052215869412435,111,348
54,50000000.0,50.0,3000.0,20500000000.0,0.28,25000000000.0,5.0,1200000000.0,0.26,10000000.0,0.05,8,0.10217721093108081,7629401542.179156,0.1294667913670716,111,344
54,50000000.0,50.0,3000.0,20500000000.0,0.28,25000000000.0,5.0,1200000000.0,0.26,10000000.0,0.05,9,0.11094099576065254,9629655740.450302,0.1519615727080688,111,335
54,50000000.0,50.0,3000.0,20500000000.0,0.28,25000000000.0,5.0,1200000000.0,0.26,10000000.0,0.05,10,0.11930367092694671,19559408068.605762,0.18348072918592043,111,335
54,50000000.0,50.0,3000.0,20500000000.0,0.28,25000000000.0,5.0,1200000000.0,0.26,10000000.0,0.05,11,0.12728592429520375,15931248322.230776,0.20932447950349303,104,333
54,50000000.0,50.0,3000.0,20500000000.0,0.28,25000000000.0,5.0,1200000000.0,0.26,10000000.0,0.05,12,0.13917401799969922,9837588322.749886,0.21948253034052126,104,311
54,50000000.0,50.0,3000.0,20500000000.0,0.28,25000000000.0,5.0,1200000000.0,0.26,10000000.0,0.05,13,0.15509109296136375,8251764930.847874,0.22753768139890895,104,308
54,50000000.0,50.0,3000.0,20500000000.0,0.28,25000000000.0,5.0,1200000000.0,0.26,10000000.0,0.05,14,0.16727580658445199,14056743911.735409,0.240400421179901,104,300
55,50000000.0,50.0,3000.0,20500000000.0,0.28,25000000000.0,5.0,1200000000.0,0.26,40000000.0,0.15,0,0.013655411276284609,0.0008898990652496419,0.0,131,384
55,50000000.0,50.0,3000.0,20500000000.0,0.28,25000000000.0,5.0,1200000000.0,0.26,40000000.0,0.15,1,0.026721133961788775,10571683191.541233,0.0008336601711955038,131,384
55,50000000.0,50.0,3000.0,20500000000.0,0.28,25000000000.0,5.0,1200000000.0,0.26,40000000.0,0.15,2,0.039234768664300874,6198677872.023849,0.002860695617462203,131,384
55,50000000.0,50.0,3000.0,20500000000.0,0.28,25000000000.0,5.0,1200000000.0,0.26,40000000.0,0.15,3,0.05138845905517923,7316410270.3558445,0.005710106401296368,121,384
55,50000000.0,50.0,3000.0,20500000000.0,0.28,25000000000.0,5.0,1200000000.0,0.26,40000000.0,0.15,4,0.06368844919567686,9186245366.418825,0.010086334024107049,115,384
55,50000000.0,50.0,3000.0,20500000000.0,0.28,25000000000.0,5.0,1200000000.0,0.26,40000000.0,0.15,5,0.07538854711276792,6853184629.468407,0.016810484656612064,114,384
55,50000000.0,50.0,3000.0,20500000000.0,0.28,25000000000.0,5.0,1200000000.0,0.26,40000000.0,0.15,6,0.08651801060874269,6873607664.898678,0.023059081125703117,114,384
55,50000000.0,50.0,3000.0,20500000000.0,0.28,25000000000.0,5.0,1200000000.0,0.26,40000000.0,0.15,7,0.09710467053124623,12588367943.846718,0.026645010236211346,114,384
55,50000000.0,50.0,3000.0,20500000000.0,0.28,25000000000.0,5.0,1200000000.0,0.26,40000000.0,0.15,8,0.10717500036837417,13665051464.640966,0.030071284400984475,114,384
55,50000000.0,50.0,3000.0,20500000000.0,0.28,25000000000.0,5.0,1200000000.0,0.26,40000000.0,0.15,9,0.11675418244949348,10896899910.323477,0.03388750037947418,114,384
55,50000000.0,50.0,3000.0,20500000000.0,0.28,25000000000.0,5.0,1200000000.0,0.26,40000000.0,0.15,10,0.1258661709173317,10966518136.06626,0.03646011868858198,114,384
55,50000000.0,50.0,3000.0,20500000000.0,0.28,25000000000.0,5.0,1200000000.0,0.26,40000000.0,0.15,11,0.13453375162880676,8942486837.934,0.03954633072538322,114,384
55,50000000.0,50.0,3000.0,20500000000.0,0.28,25000000000.0,5.0,1200000000.0,0.26,40000000.0,0.15,12,0.1427785991343877,13509123074.635134,0.04272373336734887,114,384
55,50000000.0,50.0,3000.0,20500000000.0,0.28,25000000000.0,5.0,1200000000.0,0.26,40000000.0,0.15,13,0.15062133087847024,5392053097.581131,0.04482737692054526,114,384
55,50000000.0,50.0,3000.0,20500000000.0,0.28,25000000000.0,5.0,1200000000.0,0.26,40000000.0,0.15,14,0.15808155875630536,12526293062.280863,0.0475181336877903,114,384
56,50000000.0,50.0,3000.0,20500000000.0,0.28,25000000000.0,5.0,1200000000.0,0.26,40000000.0,0.05,0,0.013655411276284609,0.0008898990652496419,0.0,131,384
56,50000000.0,50.0,3000.0,20500000000.0,0.28,25000000000.0,5.0,1200000000.0,0.26,40000000.0,0.05,1,0.026721133961788775,10571683191.541233,0.0008336601711955038,131,384
56,50000000.0,50.0,3000.0,20500000000.0,0.28,25000000000.0,5.0,1200000000.0,0.26,40000000.0,0.05,2,0.039234768664300874,6198677872.023849,0.002860695617462203,131,384
56,50000000.0,50.0,3000.0,20500000000.0,0.28,25000000000.0,5.0,1200000000.0,0.26,40000000.0,0.05,3,0.05138845905517923,7316410270.3558445,0.005710106401296368,121,384
56,50000000.0,50.0,3000.0,20500000000.0,0.28,25000000000.0,5.0,1200000000.0,0.26,40000000.0,0.05,4,0.06368844919567686,9186245366.418825,0.010086334024107049,115,384
56,50000000.0,50.0,3000.0,20500000000.0,0.28,25000000000.0,5.0,1200000000.0,0.26,40000000.0,0.05,5,0.07538854711276792,6853184629.468407,0.016810484656612064,114,384
56,50000000.0,50.0,3000.0,20500000000.0,0.28,25000000000.0,5.0,1200000000.0,0.26,40000000.0,0.05,6,0.08651801060874269,6873607664.898678,0.023059081125703117,114,384
56,50000000.0,50.0,3000.0,20500000000.0,0.28,25000000000.0,5.0,1200000000.0,0.26,40000000.0,0.05,7,0.09710467053124623,12588367943.846718,0.026645010236211346,114,384
56,50000000.0,50.0,3000.0,20500000000.0,0.28,25000000000.0,5.0,1200000000.0,0.26,40000000.0,0.05,8,0.10717500036837417,13665051464.640966,0.030071284400984475,114,384
56,50000000.0,50.0,3000.0,20500000000.0,0.28,25000000000.0,5.0,1200000000.0,0.26,40000000.0,0.05,9,0.11675418244949348,10896899910.323477,0.03388750037947418,114,384
56,50000000.0,50.0,3000.0,20500000000.0,0.28,25000000000.0,5.0,1200000000.0,0.26,40000000.0,0.05,10,0.1258661709173317,10966518136.06626,0.03646011868858198,114,384
56,50000000.0,50.0,3000.0,20500000000.0,0.28,25000000000.0,5.0,1200000000.0,0.26,40000000.0,0.05,11,0.13453375162880676,8942486837.934,0.03954633072538322,114,384
56,50000000.0,50.0,3000.0,20500000000.0,0.28,25000000000.0,5.0,1200000000.0,0.26,40000000.0,0.05,12,0.1427785991343877,13509123074.635134,0.04272373336734887,114,384
56,50000000.0,50.0,3000.0,20500000000.0,0.28,25000000000.0,5.0,1200000000.0,0.26,40000000.0,0.05,13,0.15062133087847024,5392053097.581131,0.04482737692054526,114,384
56,50000000.0,50.0,3000.0,20500000000.0,0.28,25000000000.0,5.0,1200000000.0,0.26,40000000.0,0.05,14,0.15808155875630536,12526293062.280863,0.0475181336877903,114,384
57,50000000.0,50.0,8000.0,20500000000.0,0.28,250000000.0,5.0,1200000000.0,0.26,10000000.0,0.15,0,0.013655411276284609,0.0008898990652496419,0.0,131,384
57,50000000.0,50.0,8000.0,20500000000.0,0.28,250000000.0,5.0,1200000000.0,0.26,10000000.0,0.15,1,0.02664564433255137,44524572.61315407,0.001332280195927616,127,375
57,50000000.0,50.0,8000.0,20500000000.0,0.28,250000000.0,5.0,1200000000.0,0.26,10000000.0,0.15,2,0.039001405924964754,34669258.24986337,0.006240811268034708,122,372
57,50000000.0,50.0,8000.0,20500000000.0,0.28,250000000.0,5.0,1200000000.0,0.26,10000000.0,0.15,3,0.050754733705590103,54554960.27722304,0.014013798488068928,122,372
57,50000000.0,50.0,8000.0,20500000000.0,0.28,250000000.0,5.0,1200000000.0,0.26,10000000.0,0.15,4,0.06192304663234093,73473421.35875812,0.021407683405363476,122,371
57,50000000.0,50.0,8000.0,20500000000.0,0.28,250000000.0,5.0,1200000000.0,0.26,10000000.0,0.15,5,0.07255108443554448,155872931.62469247,0.028440955508177414,113,369
57,50000000.0,50.0,8000.0,20500000000.0,0.28,250000000.0,5.0,1200000000.0,0.26,10000000.0,0.15,6,0.0826536381966674,79858164.2987147,0.035131202519801244,109,364
57,50000000.0,50.0,8000.0,20500000000.0,0.28,250000000.0,5.0,1200000000.0,0.26,10000000.0,0.15,7,0.09227366190122385,135200913.76735052,0.04149515437922583,109,363
57,50000000.0,50.0,8000.0,20500000000.0,0.28,250000000.0,5.0,1200000000.0,0.26,10000000.0,0.15,8,0.1014074823546408,88812534.83364716,0.04754872507679618,109,363
57,50000000.0,50.0,8000.0,20500000000.0,0.28,250000000.0,5.0,1200000000.0,0.26,10000000.0,0.15,9,0.11009614564634568,52686034.99519662,0.053307052449466735,103,355
57,50000000.0,50.0,8000.0,20500000000.0,0.28,250000000.0,5.0,1200000000.0,0.26,10000000.0,0.15,10,0.1183681608097088,39757326.23994148,0.058784536035171905,102,353
57,50000000.0,50.0,8000.0,20500000000.0,0.28,250000000.0,5.0,1200000000.0,0.26,10000000.0,0.15,11,0.1262265384313947,59114424.17345557,0.0639948730809719,102,353
57,50000000.0,50.0,8000.0,20500000000.0,0.28,250000000.0,5.0,1200000000.0,0.26,10000000.0,0.15,12,0.1337112602505857,83933255.37071487,0.06895109279501781,95,353
57,50000000.0,50.0,8000.0,20500000000.0,0.28,250000000.0,5.0,1200000000.0,0.26,10000000.0,0.15,13,0.14082397289476525,82572596.75977114,0.07366558892798851,95,353
57,50000000.0,50.0,8000.0,20500000000.0,0.28,250000000.0,5.0,1200000000.0,0.26,10000000.0,0.15,14,0.1475806706918786,131409973.46556738,0.07815015076547237,87,349
58,50000000.0,50.0,8000.0,20500000000.0,0.28,250000000.0,5.0,1200000000.0,0.26,10000000.0,0.05,0,0.013655411276284609,0.0008898990652496419,0.0,131,384
58,50000000.0,50.0,8000.0,20500000000.0,0.28,250000000.0,5.0,1200000000.0,0.26,10000000.0,0.05,1,0.02664564433255137,44524572.61315407,0.001332280195927616,127,375
58,50000000.0,50.0,8000.0,20500000000.0,0.28,250000000.0,5.0,1200000000.0,0.26,10000000.0,0.05,2,0.039001405924964754,34669258.24986337,0.006240811268034708,122,372
58,50000000.0,50.0,8000.0,20500000000.0,0.28,250000000.0,5.0,1200000000.0,0.26,10000000.0,0.05,3,0.050754733705590103,54554960.27722304,0.014013798488068928,122,372
58,50000000.0,50.0,8000.0,20500000000.0,0.28,250000000.0,5.0,1200000000.0,0.26,10000000.0,0.05,4,0.06192304663234093,73473421.35875812,0.021407683405363476,122,371
58,50000000.0,50.0,8000.0,20500000000.0,0.28,250000000.0,5.0,1200000000.0,0.26,10000000.0,0.05,5,0.07255108443554448,155872931.62469247,0.028440955508177414,113,369
58,50000000.0,50.0,8000.0,20500000000.0,0.28,250000000.0,5.0,1200000000.0,0.26,10000000.0,0.05,6,0.0826536381966674,79858164.2987147,0.035131202519801244,109,364
58,50000000.0,50.0,8000.0,20500000000.0,0.28,250000000.0,5.0,1200000000.0,0.26,10000000.0,0.05,7,0.09227366190122385,135200913.76735052,0.04149515437922583,109,363
58,50000000.0,50.0,8000.0,20500000000.0,0.28,250000000.0,5.0,1200000000.0,0.26,10000000.0,0.05,8,0.1014074823546408,88812534.83364716,0.04754872507679618,109,363
58,50000000.0,50.0,8000.0,20500000000.0,0.28,250000000.0,5.0,1200000000.0,0.26,10000000.0,0.05,9,0.11009614564634568,52686034.99519662,0.053307052449466735,103,355
58,50000000.0,50.0,8000.0,20500000000.0,0.28,250000000.0,5.0,1200000000.0,0.26,10000000.0,0.05,10,0.1183681608097088,39757326.23994148,0.058784536035171905,102,353
58,50000000.0,50.0,8000.0,20500000000.0,0.28,250000000.0,5.0,1200000000.0,0.26,10000000.0,0.05,11,0.1262265384313947,59114424.17345557,0.0639948730809719,102,353
58,50000000.0,50.0,8000.0,20500000000.0,0.28,250000000.0,5.0,1200000000.0,0.26,10000000.0,0.05,12,0.1337112602505857,83933255.37071487,0.06895109279501781,95,353
58,50000000.0,50.0,8000.0,20500000000.0,0.28,250000000.0,5.0,1200000000.0,0.26,10000000.0,0.05,13,0.14082397289476525,82572596.75977114,0.07366558892798851,95,353
58,50000000.0,50.0,8000.0,20500000000.0,0.28,250000000.0,5.0,1200000000.0,0.26,10000000.0,0.05,14,0.1475806706918786,131409973.46556738,0.07815015076547237,87,349
59,50000000.0,50.0,8000.0,20500000000.0,0.28,250000000.0,5.0,1200000000.0,0.26,40000000.0,0.15,0,0.013655411276284609,0.0008898990652496419,0.0,131,384
59,50000000.0,50.0,8000.0,20500000000.0,0.28,250000000.0,5.0,1200000000.0,0.26,40000000.0,0.15,1,0.026645642529206752,44204090.48550433,0.00034111142978571055,127,384
59,50000000.0,50.0,8000.0,20500000000.0,0.28,250000000.0,5.0,1200000000.0,0.26,40000000.0,0.15,2,0.03900140931160642,31400758.481403567,0.00037638281425714346,122,384
59,50000000.0,50.0,8000.0,20500000000.0,0.28,250000000.0,5.0,1200000000.0,0.26,40000000.0,0.15,3,0.05075473834262971,120124080.667227,0.000981688753404296,113,384
59,50000000.0,50.0,8000.0,20500000000.0,0.28,250000000.0,5.0,1200000000.0,0.26,40000000.0,0.15,4,0.06192112762809936,32885487.98479028,0.0014043995085986486,106,384
59,50000000.0,50.0,8000.0,20500000000.0,0.28,250000000.0,5.0,1200000000.0,0.26,40000000.0,0.15,5,0.072533710582892,46704196.5192478,0.002101570213982368,102,384
59,50000000.0,50.0,8000.0,20500000000.0,0.28,250000000.0,5.0,1200000000.0,0.26,40000000.0,0.15,6,0.08263278074576132,62879454.89556734,0.003226423818254973,95,384
59,50000000.0,50.0,8000.0,20500000000.0,0.28,250000000.0,5.0,1200000000.0,0.26,40000000.0,0.15,7,0.09223065927641928,81329788.64782833,0.00433169899182414,88,384
59,50000000.0,50.0,8000.0,20500000000.0,0.28,250000000.0,5.0,1200000000.0,0.26,40000000.0,0.15,8,0.10136563785285589,76122675.58038624,0.005661159635956348,86,384
59,50000000.0,50.0,8000.0,20500000000.0,0.28,250000000.0,5.0,1200000000.0,0.26,40000000.0,0.15,9,0.11002889714182006,63803801.586518474,0.007209481429018772,80,384
59,50000000.0,50.0,8000.0,20500000000.0,0.28,250000000.0,5.0,1200000000.0,0.26,40000000.0,0.15,10,0.11827346154389504,46519383.59914092,0.008583657287648755,78,384
59,50000000.0,50.0,8000.0,20500000000.0,0.28,250000000.0,5.0,1200000000.0,0.26,40000000.0,0.15,11,0.12609732160036263,225623524.4053243,0.009845016329757351,72,384
59,50000000.0,50.0,8000.0,20500000000.0,0.28,250000000.0,5.0,1200000000.0,0.26,40000000.0,0.15,12,0.13355547764465592,90186653.87327558,0.011716596030177105,71,384
59,50000000.0,50.0,8000.0,20500000000.0,0.28,250000000.0,5.0,1200000000.0,0.26,40000000.0,0.15,13,0.14063231294650877,223240835.07129884,0.013562273479453803,66,384
59,50000000.0,50.0,8000.0,20500000000.0,0.28,250000000.0,5.0,1200000000.0,0.26,40000000.0,0.15,14,0.1473396644420129,48914005.94660855,0.01481329873710783,63,384
60,50000000.0,50.0,8000.0,20500000000.0,0.28,250000000.0,5.0,1200000000.0,0.26,40000000.0,0.05,0,0.013655411276284609,0.0008898990652496419,0.0,131,384
60,50000000.0,50.0,8000.0,20500000000.0,0.28,250000000.0,5.0,1200000000.0,0.26,40000000.0,0.05,1,0.026645642529206752,44204090.48550433,0.00034111142978571055,127,384
60,50000000.0,50.0,8000.0,20500000000.0,0.28,250000000.0,5.0,1200000000.0,0.26,40000000.0,0.05,2,0.03900140931160642,31400758.481403567,0.00037638281425714346,122,384
60,50000000.0,50.0,8000.0,20500000000.0,0.28,250000000.0,5.0,1200000000.0,0.26,40000000.0,0.05,3,0.05075473834262971,120124080.667227,0.000981688753404296,113,384
60,50000000.0,50.0,8000.0,20500000000.0,0.28,250000000.0,5.0,1200000000.0,0.26,40000000.0,0.05,4,0.06192112762809936,32885487.98479028,0.0014043995085986486,106,384
60,50000000.0,50.0,8000.0,20500000000.0,0.28,250000000.0,5.0,1200000000.0,0.26,40000000.0,0.05,5,0.072533710582892,46704196.5192478,0.002101570213982368,102,384
60,50000000.0,50.0,8000.0,20500000000.0,0.28,250000000.0,5.0,1200000000.0,0.26,40000000.0,0.05,6,0.08263278074576132,62879454.89556734,0.003226423818254973,95,384
60,50000000.0,50.0,8000.0,20500000000.0,0.28,250000000.0,5.0,1200000000.0,0.26,40000000.0,0.05,7,0.09223065927641928,81329788.64782833,0.00433169899182414,88,384
60,50000000.0,50.0,8000.0,20500000000.0,0.28,250000000.0,5.0,1200000000.0,0.26,40000000.0,0.05,8,0.10136563785285589,76122675.58038624,0.005661159635956348,86,384
60,50000000.0,50.0,8000.0,20500000000.0,0.28,250000000.0,5.0,1200000000.0,0.26,40000000.0,0.05,9,0.11002889714182006,63803801.586518474,0.007209481429018772,80,384
60,50000000.0,50.0,8000.0,20500000000.0,0.28,250000000.0,5.0,1200000000.0,0.26,40000000.0,0.05,10,0.11827346154389504,46519383.59914092,0.008583657287648755,78,384
60,50000000.0,50.0,8000.0,20500000000.0,0.28,250000000.0,5.0,1200000000.0,0.26,40000000.0,0.05,11,0.12609732160036263,225623524.4053243,0.009845016329757351,72,384
60,50000000.0,50.0,8000.0,20500000000.0,0.28,250000000.0,5.0,1200000000.0,0.26,40000000.0,0.05,12,0.13355547764465592,90186653.87327558,0.011716596030177105,71,384
60,50000000.0,50.0,8000.0,20500000000.0,0.28,250000000.0,5.0,1200000000.0,0.26,40000000.0,0.05,13,0.14063231294650877,223240835.07129884,0.013562273479453803,66,384
60,50000000.0,50.0,8000.0,20500000000.0,0.28,250000000.0,5.0,1200000000.0,0.26,40000000.0,0.05,14,0.1473396644420129,48914005.94660855,0.01481329873710783,63,384
61,50000000.0,50.0,8000.0,20500000000.0,0.28,25000000000.0,5.0,1200000000.0,0.26,10000000.0,0.15,0,0.013655411276284609,0.0008898990652496419,0.0,131,384
61,50000000.0,50.0,8000.0,20500000000.0,0.28,25000000000.0,5.0,1200000000.0,0.26,10000000.0,0.15,1,0.026711809995929186,4761593979.267457,0.0018953736671224256,131,375
61,50000000.0,50.0,8000.0,20500000000.0,0.28,25000000000.0,5.0,1200000000.0,0.26,10000000.0,0.15,2,0.039068347910099444,7775396093.51619,0.007271518820513511,128,371
61,50000000.0,50.0,8000.0,20500000000.0,0.28,25000000000.0,5.0,1200000000.0,0.26,10000000.0,0.15,3,0.0510158229042257,12899601125.15331,0.014809894387408339,112,355
61,50000000.0,50.0,8000.0,20500000000.0,0.28,25000000000.0,5.0,1200000000.0,0.26,10000000.0,0.15,4,0.06237144194289746,6214339878.717823,0.028188024688178635,110,355
61,50000000.0,50.0,8000.0,20500000000.0,0.28,25000000000.0,5.0,1200000000.0,0.26,10000000.0,0.15,5,0.07317322740321208,7896830427.129583,0.043483459927506275,110,355
61,50000000.0,50.0,8000.0,20500000000.0,0.28,25000000000.0,5.0,1200000000.0,0.26,10000000.0,0.15,6,0.08344819072606727,10959537530.534018,0.05831935377758391,108,346
61,50000000.0,50.0,8000.0,20500000000.0,0.28,25000000000.0,5.0,1200000000.0,0.26,10000000.0,0.15,7,0.09322202595672359,5876445804.323755,0.06837141564957536,108,344
61,50000000.0,50.0,8000.0,20500000000.0,0.28,25000000000.0,5.0,1200000000.0,0.26,10000000.0,0.15,8,0.10251917399651603,12601601876.412518,0.08392437649947765,108,344
61,50000000.0,50.0,8000.0,20500000000.0,0.28,25000000000.0,5.0,1200000000.0,0.26,10000000.0,0.15,9,0.11136288372089292,8944991439.072985,0.10244283406994992,107,343
61,50000000.0,50.0,8000.0,20500000000.0,0.28,25000000000.0,5.0,1200000000.0,0.26,10000000.0,0.15,10,0.11977527011662305,11718888526.332214,0.1194401215981704,107,335
61,50000000.0,50.0,8000.0,20500000000.0,0.28,25000000000.0,5.0,1200000000.0,0.26,10000000.0,0.15,11,0.1277773695835477,11494178740.825098,0.14104619083482448,107,330
61,50000000.0,50.0,8000.0,20500000000.0,0.28,25000000000.0,5.0,1200000000.0,0.26,10000000.0,0.15,12,0.13538919253916573,11766332840.589731,0.17478617840115526,107,326
61,50000000.0,50.0,8000.0,20500000000.0,0.28,25000000000.0,5.0,1200000000.0,0.26,10000000.0,0.15,13,0.14262977345760613,9742390511.007765,0.20357906748335883,107,326
61,50000000.0,50.0,8000.0,20500000000.0,0.28,25000000000.0,5.0,1200000000.0,0.26,10000000.0,0.15,14,0.14951721846810664,11554505242.893839,0.22012880062806875,107,320
62,50000000.0,50.0,8000.0,20500000000.0,0.28,25000000000.0,5.0,1200000000.0,0.26,10000000.0,0.05,0,0.013655411276284609,0.0008898990652496419,0.0,131,384
62,50000000.0,50.0,8000.0,20500000000.0,0.28,25000000000.0,5.0,1200000000.0,0.26,10000000.0,0.05,1,0.026711809995929186,4761593979.267457,0.0018953736671224256,131,375
62,50000000.0,50.0,8000.0,20500000000.0,0.28,25000000000.0,5.0,1200000000.0,0.26,10000000.0,0.05,2,0.039068347910099444,7775396093.51619,0.007271518820513511,128,371
62,50000000.0,50.0,8000.0,20500000000.0,0.28,25000000000.0,5.0,1200000000.0,0.26,10000000.0,0.05,3,0.0510158229042257,12899601125.15331,0.014809894387408339,112,355
62,50000000.0,50.0,8000.0,20500000000.0,0.28,25000000000.0,5.0,1200000000.0,0.26,10000000.0,0.05,4,0.06237144194289746,6214339878.717823,0.028188024688178635,110,355
62,50000000.0,50.0,8000.0,20500000000.0,0.28,25000000000.0,5.0,1200000000.0,0.26,10000000.0,0.05,5,0.07317322740321208,7896830427.129583,0.043483459927506275,110,355
62,50000000.0,50.0,8000.0,20500000000.0,0.28,25000000000.0,5.0,1200000000.0,0.26,10000000.0,0.05,6,0.08344819072606727,10959537530.534018,0.05831935377758391,108,346
62,50000000.0,50.0,8000.0,20500000000.0,0.28,25000000000.0,5.0,1200000000.0,0.26,10000000.0,0.05,7,0.09322202595672359,5876445804.323755,0.06837141564957536,108,344
62,50000000.0,50.0,8000.0,20500000000.0,0.28,25000000000.0,5.0,1200000000.0,0.26,10000000.0,0.05,8,0.10251917399651603,12601601876.412518,0.08392437649947765,108,344
62,50000000.0,50.0,8000.0,20500000000.0,0.28,25000000000.0,5.0,1200000000.0,0.26,10000000.0,0.05,9,0.11136288372089292,8944991439.072985,0.10244283406994992,107,343
62,50000000.0,50.0,8000.0,20500000000.0,0.28,25000000000.0,5.0,1200000000.0,0.26,10000000.0,0.05,10,0.11977527011662305,11718888526.332214,0.1194401215981704,107,335
62,50000000.0,50.0,8000.0,20500000000.0,0.28,25000000000.0,5.0,1200000000.0,0.26,10000000.0,0.05,11,0.1277773695835477,11494178740.825098,0.14104619083482448,107,330
62,50000000.0,50.0,8000.0,20500000000.0,0.28,25000000000.0,5.0,1200000000.0,0.26,10000000.0,0.05,12,0.13538919253916573,11766332840.589731,0.17478617840115526,107,326
62,50000000.0,50.0,8000.0,20500000000.0,0.28,25000000000.0,5.0,1200000000.0,0.26,10000000.0,0.05,13,0.14262977345760613,9742390511.007765,0.20357906748335883,107,326
62,50000000.0,50.0,8000.0,20500000000.0,0.28,25000000000.0,5.0,1200000000.0,0.26,10000000.0,0.05,14,0.14951721846810664,11554505242.893839,0.22012880062806875,107,320
63,50000000.0,50.0,8000.0,20500000000.0,0.28,25000000000.0,5.0,1200000000.0,0.26,40000000.0,0.15,0,0.013655411276284609,0.0008898990652496419,0.0,131,384
63,50000000.0,50.0,8000.0,20500000000.0,0.28,25000000000.0,5.0,1200000000.0,0.26,40000000.0,0.15,1,0.026724602170524844,10292742055.283474,0.0008161160557066927,131,384
63,50000000.0,50.0,8000.0,20500000000.0,0.28,25000000000.0,5.0,1200000000.0,0.26,40000000.0,0.15,2,0.03921213082648545,6156559014.758088,0.002842263605479242,131,384
63,50000000.0,50.0,8000.0,20500000000.0,0.28,25000000000.0,5.0,1200000000.0,0.26,40000000.0,0.15,3,0.05140525273564076,7281660027.746224,0.005658143389830478,121,384
63,50000000.0,50.0,8000.0,20500000000.0,0.28,25000000000.0,5.0,1200000000.0,0.26,40000000.0,0.15,4,0.06374788502501794,9014434678.491547,0.009973803088311136,115,384
63,50000000.0,50.0,8000.0,20500000000.0,0.28,25000000000.0,5.0,1200000000.0,0.26,40000000.0,0.15,5,0.0754885453581423,6913840547.65579,0.01659052408205333,115,384
63,50000000.0,50.0,8000.0,20500000000.0,0.28,25000000000.0,5.0,1200000000.0,0.26,40000000.0,0.15,6,0.08665659296954502,6614997299.830403,0.022803425930682054,115,384
63,50000000.0,50.0,8000.0,20500000000.0,0.28,25000000000.0,5.0,1200000000.0,0.26,40000000.0,0.15,7,0.09727995519208255,12458399231.314528,0.026460575631832697,115,384
63,50000000.0,50.0,8000.0,20500000000.0,0.28,25000000000.0,5.0,1200000000.0,0.26,40000000.0,0.15,8,0.1073851972933077,13100546036.342884,0.029778099487532742,115,384
63,50000000.0,50.0,8000.0,20500000000.0,0.28,25000000000.0,5.0,1200000000.0,0.26,40000000.0,0.15,9,0.11699758890579919,4436221326.807253,0.03198933011644087,115,384
63,50000000.0,50.0,8000.0,20500000000.0,0.28,25000000000.0,5.0,1200000000.0,0.26,40000000.0,0.15,10,0.12614116721756377,9760408206.019821,0.0323575750571312,115,384
63,50000000.0,50.0,8000.0,20500000000.0,0.28,25000000000.0,5.0,1200000000.0,0.26,40000000.0,0.15,11,0.13483879708053437,11644190427.654392,0.03352051101294688,115,384
63,50000000.0,50.0,8000.0,20500000000.0,0.28,25000000000.0,5.0,1200000000.0,0.26,40000000.0,0.15,12,0.14311222818746822,7160290316.339831,0.03450567372460998,115,384
63,50000000.0,50.0,8000.0,20500000000.0,0.28,25000000000.0,5.0,1200000000.0,0.26,40000000.0,0.15,13,0.15098214946022673,5923436297.992934,0.036780613285132116,115,384
63,50000000.0,50.0,8000.0,20500000000.0,0.28,25000000000.0,5.0,1200000000.0,0.26,40000000.0,0.15,14,0.15846824078544738,6456692794.185104,0.041556855088909224,115,384
64,50000000.0,50.0,8000.0,20500000000.0,0.28,25000000000.0,5.0,1200000000.0,0.26,40000000.0,0.05,0,0.013655411276284609,0.0008898990652496419,0.0,131,384
64,50000000.0,50.0,8000.0,20500000000.0,0.28,25000000000.0,5.0,1200000000.0,0.26,40000000.0,0.05,1,0.026724602170524844,10292742055.283474,0.0008161160557066927,131,384
64,50000000.0,50.0,8000.0,20500000000.0,0.28,25000000000.0,5.0,1200000000.0,0.26,40000000.0,0.05,2,0.03921213082648545,6156559014.758088,0.002842263605479242,131,384
64,50000000.0,50.0,8000.0,20500000000.0,0.28,25000000000.0,5.0,1200000000.0,0.26,40000000.0,0.05,3,0.05140525273564076,7281660027.746224,0.005658143389830478,121,384
64,50000000.0,50.0,8000.0,20500000000.0,0.28,25000000000.0,5.0,1200000000.0,0.26,40000000.0,0.05,4,0.06374788502501794,9014434678.491547,0.009973803088311136,115,384
64,50000000.0,50.0,8000.0,20500000000.0,0.28,25000000000.0,5.0,1200000000.0,0.26,40000000.0,0.05,5,0.0754885453581423,6913840547.65579,0.01659052408205333,115,384
64,50000000.0,50.0,8000.0,20500000000.0,0.28,25000000000.0,5.0,1200000000.0,0.26,40000000.0,0.05,6,0.08665659296954502,6614997299.830403,0.022803425930682054,115,384
64,50000000.0,50.0,8000.0,20500000000.0,0.28,25000000000.0,5.0,1200000000.0,0.26,40000000.0,0.05,7,0.09727995519208255,12458399231.314528,0.026460575631832697,115,384
64,50000000.0,50.0,8000.0,20500000000.0,0.28,25000000000.0,5.0,1200000000.0,0.26,40000000.0,0.05,8,0.1073851972933077,13100546036.342884,0.029778099487532742,115,384
64,50000000.0,50.0,8000.0,20500000000.0,0.28,25000000000.0,5.0,1200000000.0,0.26,40000000.0,0.05,9,0.11699758890579919,4436221326.807253,0.03198933011644087,115,384
64,50000000.0,50.0,8000.0,20500000000.0,0.28,25000000000.0,5.0,1200000000.0,0.26,40000000.0,0.05,10,0.12614116721756377,9760408206.019821,0.0323575750571312,115,384
64,50000000.0,50.0,8000.0,20500000000.0,0.28,25000000000.0,5.0,1200000000.0,0.26,40000000.0,0.05,11,0.13483879708053437,11644190427.654392,0.03352051101294688,115,384
64,50000000.0,50.0,8000.0,20500000000.0,0.28,25000000000.0,5.0,1200000000.0,0.26,40000000.0,0.05,12,0.14311222818746822,7160290316.339831,0.03450567372460998,115,384
64,50000000.0,50.0,8000.0,20500000000.0,0.28,25000000000.0,5.0,1200000000.0,0.26,40000000.0,0.05,13,0.15098214946022673,5923436297.992934,0.036780613285132116,115,384
64,50000000.0,50.0,8000.0,20500000000.0,0.28,25000000000.0,5.0,1200000000.0,0.26,40000000.0,0.05,14,0.15846824078544738,6456692794.185104,0.041556855088909224,115,384
65,100000000.0,15.0,3000.0,20500000000.0,0.28,250000000.0,5.0,1200000000.0,0.26,10000000.0,0.15,0,0.013895418040526636,0.0010013646702385698,0.0,131,384
65,100000000.0,15.0,3000.0,20500000000.0,0.28,250000000.0,5.0,1200000000.0,0.26,10000000.0,0.15,1,0.027584887180815986,67871271.08747263,0.0021816182219998826,128,376
65,100000000.0,15.0,3000.0,20500000000.0,0.28,250000000.0,5.0,1200000000.0,0.26,10000000.0,0.15,2,0.04106918671191854,37109024.34474185,0.00572570059024793,127,370
65,100000000.0,15.0,3000.0,20500000000.0,0.28,250000000.0,5.0,1200000000.0,0.26,10000000.0,0.15,3,0.05435343864427419,115889966.62861963,0.00920649419458952,121,364
65,100000000.0,15.0,3000.0,20500000000.0,0.28,250000000.0,5.0,1200000000.0,0.26,10000000.0,0.15,4,0.06743267566748506,117417563.05674301,0.012651736136127247,116,360
65,100000000.0,15.0,3000.0,20500000000.0,0.28,250000000.0,5.0,1200000000.0,0.26,10000000.0,0.15,5,0.08031411953575568,159488715.51526418,0.01602993584960869,115,355
65,100000000.0,15.0,3000.0,20500000000.0,0.28,250000000.0,5.0,1200000000.0,0.26,10000000.0,0.15,6,0.0930062246209324,170470721.7460521,0.019365798878323688,114,344
65,100000000.0,15.0,3000.0,20500000000.0,0.28,250000000.0,5.0,1200000000.0,0.26,10000000.0,0.15,7,0.1055237683161347,81545962.8894939,0.02263915928566834,107,340
65,100000000.0,15.0,3000.0,20500000000.0,0.28,250000000.0,5.0,1200000000.0,0.26,10000000.0,0.15,8,0.1178161532294358,123105745.0014088,0.02588238522678001,107,340
65,100000000.0,15.0,3000.0,20500000000.0,0.28,250000000.0,5.0,1200000000.0,0.26,10000000.0,0.15,9,0.129893125039712,95348059.96687599,0.029071234174711493,104,340
65,100000000.0,15.0,3000.0,20500000000.0,0.28,250000000.0,5.0,1200000000.0,0.26,10000000.0,0.15,10,0.14183586000469545,199083783.64238945,0.0322258469130183,101,335
65,100000000.0,15.0,3000.0,20500000000.0,0.28,250000000.0,5.0,1200000000.0,0.26,10000000.0,0.15,11,0.15358067621689914,261938217.7127514,0.03807163586622407,100,331
65,100000000.0,15.0,3000.0,20500000000.0,0.28,250000000.0,5.0,1200000000.0,0.26,10000000.0,0.15,12,0.16516436225249154,123866753.8188021,0.05222353065550281,93,318
65,100000000.0,15.0,3000.0,20500000000.0,0.28,250000000.0,5.0,1200000000.0,0.26,10000000.0,0.15,13,0.17656000966140895,168002880.19668666,0.06810105321982485,82,306
65,100000000.0,15.0,3000.0,20500000000.0,0.28,250000000.0,5.0,1200000000.0,0.26,10000000.0,0.15,14,0.18780444055417608,145071529.74863428,0.08516342193737189,74,299
66,100000000.0,15.0,3000.0,20500000000.0,0.28,250000000.0,5.0,1200000000.0,0.26,10000000.0,0.05,0,0.013895418040526636,0.0010013646702385698,0.0,131,384
66,100000000.0,15.0,3000.0,20500000000.0,0.28,250000000.0,5.0,1200000000.0,0.26,10000000.0,0.05,1,0.027584887180815986,67871271.08747263,0.0021816182219998826,128,376
66,100000000.0,15.0,3000.0,20500000000.0,0.28,250000000.0,5.0,1200000000.0,0.26,10000000.0,0.05,2,0.04106918671191854,37109024.34474185,0.00572570059024793,127,370
66,100000000.0,15.0,3000.0,20500000000.0,0.28,250000000.0,5.0,1200000000.0,0.26,10000000.0,0.05,3,0.05435343864427419,115889966.62861963,0.00920649419458952,121,364
66,100000000.0,15.0,3000.0,20500000000.0,0.28,250000000.0,5.0,1200000000.0,0.26,10000000.0,0.05,4,0.06743267566748506,117417563.05674301,0.012651736136127247,116,360
66,100000000.0,15.0,3000.0,20500000000.0,0.28,250000000.0,5.0,1200000000.0,0.26,10000000.0,0.05,5,0.08031411953575568,159488715.51526418,0.01602993584960869,115,355
66,100000000.0,15.0,3000.0,20500000000.0,0.28,250000000.0,5.0,1200000000.0,0.26,10000000.0,0.05,6,0.0930062246209324,170470721.7460521,0.019365798878323688,114,344
66,100000000.0,15.0,3000.0,20500000000.0,0.28,250000000.0,5.0,1200000000.0,0.26,10000000.0,0.05,7,0.1055237683161347,81545962.8894939,0.02263915928566834,107,340
66,100000000.0,15.0,3000.0,20500000000.0,0.28,250000000.0,5.0,1200000000.0,0.26,10000000.0,0.05,8,0.1178161532294358,123105745.0014088,0.02588238522678001,107,340
66,100000000.0,15.0,3000.0,20500000000.0,0.28,250000000.0,5.0,1200000000.0,0.26,10000000.0,0.05,9,0.129893125039712,95348059.96687599,0.029071234174711493,104,340
66,100000000.0,15.0,3000.0,20500000000.0,0.28,250000000.0,5.0,1200000000.0,0.26,10000000.0,0.05,10,0.14183586000469545,199083783.64238945,0.0322258469130183,101,335
66,100000000.0,15.0,3000.0,20500000000.0,0.28,250000000.0,5.0,1200000000.0,0.26,10000000.0,0.05,11,0.15358067621689914,261938217.7127514,0.03807163586622407,100,331
66,100000000.0,15.0,3000.0,20500000000.0,0.28,250000000.0,5.0,1200000000.0,0.26,10000000.0,0.05,12,0.16516436225249154,123866753.8188021,0.05222353065550281,93,318
66,100000000.0,15.0,3000.0,20500000000.0,0.28,250000000.0,5.0,1200000000.0,0.26,10000000.0,0.05,13,0.17656000966140895,168002880.19668666,0.06810105321982485,82,306
66,100000000.0,15.0,3000.0,20500000000.0,0.28,250000000.0,5.0,1200000000.0,0.26,10000000.0,0.05,14,0.18780444055417608,145071529.74863428,0.08516342193737189,74,299
67,100000000.0,15.0,3000.0,20500000000.0,0.28,250000000.0,5.0,1200000000.0,0.26,40000000.0,0.15,0,0.013895418040526636,0.0010013646702385698,0.0,131,384
67,100000000.0,15.0,3000.0,20500000000.0,0.28,250000000.0,5.0,1200000000.0,0.26,40000000.0,0.15,1,0.027584883235639034,69526909.67807977,0.0003374703862152259,127,384
67,100000000.0,15.0,3000.0,20500000000.0,0.28,250000000.0,5.0,1200000000.0,0.26,40000000.0,0.15,2,0.04106919646666606,77544190.8312682,0.00038546806932324135,120,384
67,100000000.0,15.0,3000.0,20500000000.0,0.28,250000000.0,5.0,1200000000.0,0.26,40000000.0,0.15,3,0.05435334777030212,89620644.22726268,0.0008498742371209996,113,384
67,100000000.0,15.0,3000.0,20500000000.0,0.28,250000000.0,5.0,1200000000.0,0.26,40000000.0,0.15,4,0.06742218689898585,52654859.81448429,0.0023564347446789666,102,384
67,100000000.0,15.0,3000.0,20500000000.0,0.28,250000000.0,5.0,1200000000.0,0.26,40000000.0,0.15,5,0.08028429068694462,68212623.35012259,0.0031149905158072057,95,384
67,100000000.0,15.0,3000.0,20500000000.0,0.28,250000000.0,5.0,1200000000.0,0.26,40000000.0,0.15,6,0.09295355648892359,58633143.29121668,0.004709976032544064,88,384
67,100000000.0,15.0,3000.0,20500000000.0,0.28,250000000.0,5.0,1200000000.0,0.26,40000000.0,0.15,7,0.10543702827693734,61885434.36756513,0.00660599010914307,84,382
67,100000000.0,15.0,3000.0,20500000000.0,0.28,250000000.0,5.0,1200000000.0,0.26,40000000.0,0.15,8,0.11772878093308058,52659336.91849542,0.010524202240964507,78,382
67,100000000.0,15.0,3000.0,20500000000.0,0.28,250000000.0,5.0,1200000000.0,0.26,40000000.0,0.15,9,0.12982145302925202,97383491.42370915,0.014384079359678816,71,380
67,100000000.0,15.0,3000.0,20500000000.0,0.28,250000000.0,5.0,1200000000.0,0.26,40000000.0,0.15,10,0.14173869784939305,66881386.898082055,0.018186489966949458,68,380
67,100000000.0,15.0,3000.0,20500000000.0,0.28,250000000.0,5.0,1200000000.0,0.26,40000000.0,0.15,11,0.15345378481379832,32005243.546430804,0.02193228963403838,61,378
67,100000000.0,15.0,3000.0,20500000000.0,0.28,250000000.0,5.0,1200000000.0,0.26,40000000.0,0.15,12,0.16500511600783677,65212121.37947785,0.025768250916744655,56,375
67,100000000.0,15.0,3000.0,20500000000.0,0.28,250000000.0,5.0,1200000000.0,0.26,40000000.0,0.15,13,0.17636687975218202,42649861.60229752,0.03003077700263769,52,372
67,100000000.0,15.0,3000.0,20500000000.0,0.28,250000000.0,5.0,1200000000.0,0.26,40000000.0,0.15,14,0.1875111065732399,75813719.10194808,0.03422984187032077,40,369
68,100000000.0,15.0,3000.0,20500000000.0,0.28,250000000.0,5.0,1200000000.0,0.26,40000000.0,0.05,0,0.013895418040526636,0.0010013646702385698,0.0,131,384
68,100000000.0,15.0,3000.0,20500000000.0,0.28,250000000.0,5.0,1200000000.0,0.26,40000000.0,0.05,1,0.027584883235639034,69526909.67807977,0.0003374703862152259,127,384
68,100000000.0,15.0,3000.0,20500000000.0,0.28,250000000.0,5.0,1200000000.0,0.26,40000000.0,0.05,2,0.04106919646666606,77544190.8312682,0.00038546806932324135,120,384
68,100000000.0,15.0,3000.0,20500000000.0,0.28,250000000.0,5.0,1200000000.0,0.26,40000000.0,0.05,3,0.05435334777030212,89620644.22726268,0.0008498742371209996,113,384
68,100000000.0,15.0,3000.0,20500000000.0,0.28,250000000.0,5.0,1200000000.0,0.26,40000000.0,0.05,4,0.06742218689898585,52654859.81448429,0.0023564347446789666,102,384
68,100000000.0,15.0,3000.0,20500000000.0,0.28,250000000.0,5.0,1200000000.0,0.26,40000000.0,0.05,5,0.08028429068694462,68212623.35012259,0.0031149905158072057,95,384
68,100000000.0,15.0,3000.0,20500000000.0,0.28,250000000.0,5.0,1200000000.0,0.26,40000000.0,0.05,6,0.09295355648892359,58633143.29121668,0.004709976032544064,88,384
68,100000000.0,15.0,3000.0,20500000000.0,0.28,250000000.0,5.0,1200000000.0,0.26,40000000.0,0.05,7,0.10543702827693734,61885434.36756513,0.00660599010914307,84,382
68,100000000.0,15.0,3000.0,20500000000.0,0.28,250000000.0,5.0,1200000000.0,0.26,40000000.0,0.05,8,0.11772878093308058,52659336.91849542,0.010524202240964507,78,382
68,100000000.0,15.0,3000.0,20500000000.0,0.28,250000000.0,5.0,1200000000.0,0.26,40000000.0,0.05,9,0.12982145302925202,97383491.42370915,0.014384079359678816,71,380
68,100000000.0,15.0,3000.0,20500000000.0,0.28,250000000.0,5.0,1200000000.0,0.26,40000000.0,0.05,10,0.14173869784939305,66881386.898082055,0.018186489966949458,68,380
68,100000000.0,15.0,3000.0,20500000000.0,0.28,250000000.0,5.0,1200000000.0,0.26,40000000.0,0.05,11,0.15345378481379832,32005243.546430804,0.02193228963403838,61,378
68,100000000.0,15.0,3000.0,20500000000.0,0.28,250000000.0,5.0,1200000000.0,0.26,40000000.0,0.05,12,0.16500511600783677,65212121.37947785,0.025768250916744655,56,375
68,100000000.0,15.0,3000.0,20500000000.0,0.28,250000000.0,5.0,1200000000.0,0.26,40000000.0,0.05,13,0.17636687975218202,42649861.60229752,0.03003077700263769,52,372
68,100000000.0,15.0,3000.0,20500000000.0,0.28,250000000.0,5.0,1200000000.0,0.26,40000000.0,0.05,14,0.1875111065732399,75813719.10194808,0.03422984187032077,40,369
69,100000000.0,15.0,3000.0,20500000000.0,0.28,25000000000.0,5.0,1200000000.0,0.26,10000000.0,0.15,0,0.013895418040526636,0.0010013646702385698,0.0,131,384
69,100000000.0,15.0,3000.0,20500000000.0,0.28,25000000000.0,5.0,1200000000.0,0.26,10000000.0,0.15,1,0.027664544576414835,6927040583.018741,0.003540354591393527,131,374
69,100000000.0,15.0,3000.0,20500000000.0,0.28,25000000000.0,5.0,1200000000.0,0.26,10000000.0,0.15,2,0.04113050537956699,3635850926.875237,0.010545828541385442,125,370
69,100000000.0,15.0,3000.0,20500000000.0,0.28,25000000000.0,5.0,1200000000.0,0.26,10000000.0,0.15,3,0.054857444775681476,5962659722.344914,0.01744700379571065,116,357
69,100000000.0,15.0,3000.0,20500000000.0,0.28,25000000000.0,5.0,1200000000.0,0.26,10000000.0,0.15,4,0.06759079524467443,16207803247.338945,0.0802902484671122,113,354
69,100000000.0,15.0,3000.0,20500000000.0,0.28,25000000000.0,5.0,1200000000.0,0.26,10000000.0,0.15,5,0.08137628770550086,21235048728.982807,0.1478358382253362,111,353
69,100000000.0,15.0,3000.0,20500000000.0,0.28,25000000000.0,5.0,1200000000.0,0.26,10000000.0,0.15,6,0.10776148635807901,14638146502.936323,0.19662892524097567,107,338
69,100000000.0,15.0,3000.0,20500000000.0,0.28,25000000000.0,5.0,1200000000.0,0.26,10000000.0,0.15,7,0.10567500317271938,21772157146.402203,0.2391575377784465,103,338
69,100000000.0,15.0,3000.0,20500000000.0,0.28,25000000000.0,5.0,1200000000.0,0.26,10000000.0,0.15,8,0.11812292083846032,15022536879.168558,0.27508113927996475,100,338
69,100000000.0,15.0,3000.0,20500000000.0,0.28,25000000000.0,5.0,1200000000.0,0.26,10000000.0,0.15,9,0.13049081230857237,13835678948.321405,0.3195244781518535,97,310
69,100000000.0,15.0,3000.0,20500000000.0,0.28,25000000000.0,5.0,1200000000.0,0.26,10000000.0,0.15,10,0.14267456849280824,14486076720.279675,0.3793930057018164,97,308
69,100000000.0,15.0,3000.0,20500000000.0,0.28,25000000000.0,5.0,1200000000.0,0.26,10000000.0,0.15,11,0.1546769308288318,18946249393.94735,0.42145539028892964,96,308
69,100000000.0,15.0,3000.0,20500000000.0,0.28,25000000000.0,5.0,1200000000.0,0.26,10000000.0,0.15,12,0.16849941853958816,14129519530.155512,0.4822753799128902,94,301
69,100000000.0,15.0,3000.0,20500000000.0,0.28,25000000000.0,5.0,1200000000.0,0.26,10000000.0,0.15,13,0.18509837319134437,18179902558.169857,0.5604416234783715,94,293
69,100000000.0,15.0,3000.0,20500000000.0,0.28,25000000000.0,5.0,1200000000.0,0.26,10000000.0,0.15,14,0.2003905154243953,12734434038.022106,0.6247172499833216,93,285
70,100000000.0,15.0,3000.0,20500000000.0,0.28,25000000000.0,5.0,1200000000.0,0.26,10000000.0,0.05,0,0.013895418040526636,0.0010013646702385698,0.0,131,384
70,100000000.0,15.0,3000.0,20500000000.0,0.28,25000000000.0,5.0,1200000000.0,0.26,10000000.0,0.05,1,0.027664544576414835,6927040583.018741,0.003540354591393527,131,374
70,100000000.0,15.0,3000.0,20500000000.0,0.28,25000000000.0,5.0,1200000000.0,0.26,10000000.0,0.05,2,0.04113050537956699,3635850926.875237,0.010545828541385442,125,370
70,100000000.0,15.0,3000.0,20500000000.0,0.28,25000000000.0,5.0,1200000000.0,0.26,10000000.0,0.05,3,0.054857444775681476,5962659722.344914,0.01744700379571065,116,357
70,100000000.0,15.0,3000.0,20500000000.0,0.28,25000000000.0,5.0,1200000000.0,0.26,10000000.0,0.05,4,0.06759079524467443,16207803247.338945,0.0802902484671122,113,354
70,100000000.0,15.0,3000.0,20500000000.0,0.28,25000000000.0,5.0,1200000000.0,0.26,10000000.0,0.05,5,0.08137628770550086,21235048728.982807,0.1478358382253362,111,353
70,100000000.0,15.0,3000.0,20500000000.0,0.28,25000000000.0,5.0,1200000000.0,0.26,10000000.0,0.05,6,0.10776148635807901,14638146502.936323,0.19662892524097567,107,338
70,100000000.0,15.0,3000.0,20500000000.0,0.28,25000000000.0,5.0,1200000000.0,0.26,10000000.0,0.05,7,0.10567500317271938,21772157146.402203,0.2391575377784465,103,338
70,100000000.0,15.0,3000.0,20500000000.0,0.28,25000000000.0,5.0,1200000000.0,0.26,10000000.0,0.05,8,0.11812292083846032,15022536879.168558,0.27508113927996475,100,338
70,100000000.0,15.0,3000.0,20500000000.0,0.28,25000000000.0,5.0,1200000000.0,0.26,10000000.0,0.05,9,0.13049081230857237,13835678948.321405,0.3195244781518535,97,310
70,100000000.0,15.0,3000.0,20500000000.0,0.28,25000000000.0,5.0,1200000000.0,0.26,10000000.0,0.05,10,0.14267456849280824,14486076720.279675,0.3793930057018164,97,308
70,100000000.0,15.0,3000.0,20500000000.0,0.28,25000000000.0,5.0,1200000000.0,0.26,10000000.0,0.05,11,0.1546769308288318,18946249393.94735,0.42145539028892964,96,308
70,100000000.0,15.0,3000.0,20500000000.0,0.28,25000000000.0,5.0,1200000000.0,0.26,10000000.0,0.05,12,0.16849941853958816,14129519530.155512,0.4822753799128902,94,301
70,100000000.0,15.0,3000.0,20500000000.0,0.28,25000000000.0,5.0,1200000000.0,0.26,10000000.0,0.05,13,0.18509837319134437,18179902558.169857,0.5604416234783715,94,293
70,100000000.0,15.0,3000.0,20500000000.0,0.28,25000000000.0,5.0,1200000000.0,0.26,10000000.0,0.05,14,0.2003905154243953,12734434038.022106,0.6247172499833216,93,285
71,100000000.0,15.0,3000.0,20500000000.0,0.28,25000000000.0,5.0,1200000000.0,0.26,40000000.0,0.15,0,0.013895418040526636,0.0010013646702385698,0.0,131,384
71,100000000.0,15.0,3000.0,20500000000.0,0.28,25000000000.0,5.0,1200000000.0,0.26,40000000.0,0.15,1,0.027690421264115486,9877426793.181454,0.0013132741640930424,131,384
71,100000000.0,15.0,3000.0,20500000000.0,0.28,25000000000.0,5.0,1200000000.0,0.26,40000000.0,0.15,2,0.04150122690860271,5752108580.783843,0.0034324869766251135,131,384
71,100000000.0,15.0,3000.0,20500000000.0,0.28,25000000000.0,5.0,1200000000.0,0.26,40000000.0,0.15,3,0.054912681312364764,7467485746.903175,0.006582278326924913,120,384
71,100000000.0,15.0,3000.0,20500000000.0,0.28,25000000000.0,5.0,1200000000.0,0.26,40000000.0,0.15,4,0.06810338463277689,10781836969.300959,0.011453483719828596,117,384
71,100000000.0,15.0,3000.0,20500000000.0,0.28,25000000000.0,5.0,1200000000.0,0.26,40000000.0,0.15,5,0.08145111714075759,7544386884.1087885,0.01800080664786532,117,384
71,100000000.0,15.0,3000.0,20500000000.0,0.28,25000000000.0,5.0,1200000000.0,0.26,40000000.0,0.15,6,0.09447505446607998,5773163223.784029,0.0244888614577385,117,384
71,100000000.0,15.0,3000.0,20500000000.0,0.28,25000000000.0,5.0,1200000000.0,0.26,40000000.0,0.15,7,0.10739906379305791,16304520013.96334,0.02850878403104399,117,384
71,100000000.0,15.0,3000.0,20500000000.0,0.28,25000000000.0,5.0,1200000000.0,0.26,40000000.0,0.15,8,0.12030591037461434,10711632108.285336,0.03320733167341361,117,384
71,100000000.0,15.0,3000.0,20500000000.0,0.28,25000000000.0,5.0,1200000000.0,0.26,40000000.0,0.15,9,0.13278830388814383,7618612892.849851,0.03936181941803179,117,384
71,100000000.0,15.0,3000.0,20500000000.0,0.28,25000000000.0,5.0,1200000000.0,0.26,40000000.0,0.15,10,0.14476557275086444,13660012458.057318,0.042809566627777136,116,384
71,100000000.0,15.0,3000.0,20500000000.0,0.28,25000000000.0,5.0,1200000000.0,0.26,40000000.0,0.15,11,0.15687065972247652,14772671065.760529,0.04752576184308378,116,384
71,100000000.0,15.0,3000.0,20500000000.0,0.28,25000000000.0,5.0,1200000000.0,0.26,40000000.0,0.15,12,0.16880993244339987,15877957177.601803,0.05312156441208684,116,384
71,100000000.0,15.0,3000.0,20500000000.0,0.28,25000000000.0,5.0,1200000000.0,0.26,40000000.0,0.15,13,0.18085071419975854,5364063261.638013,0.05669090767107697,116,384
71,100000000.0,15.0,3000.0,20500000000.0,0.28,25000000000.0,5.0,1200000000.0,0.26,40000000.0,0.15,14,0.1922958226167199,16743220993.516891,0.06134261516478644,116,384
72,100000000.0,15.0,3000.0,20500000000.0,0.28,25000000000.0,5.0,1200000000.0,0.26,40000000.0,0.05,0,0.013895418040526636,0.0010013646702385698,0.0,131,384
72,100000000.0,15.0,3000.0,20500000000.0,0.28,25000000000.0,5.0,1200000000.0,0.26,40000000.0,0.05,1,0.027690421264115486,9877426793.181454,0.0013132741640930424,131,384
72,100000000.0,15.0,3000.0,20500000000.0,0.28,25000000000.0,5.0,1200000000.0,0.26,40000000.0,0.05,2,0.04150122690860271,5752108580.783843,0.0034324869766251135,131,384
72,100000000.0,15.0,3000.0,20500000000.0,0.28,25000000000.0,5.0,1200000000.0,0.26,40000000.0,0.05,3,0.054912681312364764,7467485746.903175,0.006582278326924913,120,384
72,100000000.0,15.0,3000.0,20500000000.0,0.28,25000000000.0,5.0,1200000000.0,0.26,40000000.0,0.05,4,0.06810338463277689,10781836969.300959,0.011453483719828596,117,384
72,100000000.0,15.0,3000.0,20500000000.0,0.28,25000000000.0,5.0,1200000000.0,0.26,40000000.0,0.05,5,0.08145111714075759,7544386884.1087885,0.01800080664786532,117,384
72,100000000.0,15.0,3000.0,20500000000.0,0.28,25000000000.0,5.0,1200000000.0,0.26,40000000.0,0.05,6,0.09447505446607998,5773163223.784029,0.0244888614577385,117,384
72,100000000.0,15.0,3000.0,20500000000.0,0.28,25000000000.0,5.0,1200000000.0,0.26,40000000.0,0.05,7,0.10739906379305791,16304520013.96334,0.02850878403104399,117,384
72,100000000.0,15.0,3000.0,20500000000.0,0.28,25000000000.0,5.0,1200000000.0,0.26,40000000.0,0.05,8,0.12030591037461434,10711632108.285336,0.03320733167341361,117,384
72,100000000.0,15.0,3000.0,20500000000.0,0.28,25000000000.0,5.0,1200000000.0,0.26,40000000.0,0.05,9,0.13278830388814383,7618612892.849851,0.03936181941803179,117,384
72,100000000.0,15.0,3000.0,20500000000.0,0.28,25000000000.0,5.0,1200000000.0,0.26,40000000.0,0.05,10,0.14476557275086444,13660012458.057318,0.042809566627777136,116,384
72,100000000.0,15.0,3000.0,20500000000.0,0.28,25000000000.0,5.0,1200000000.0,0.26,40000000.0,0.05,11,0.15687065972247652,14772671065.760529,0.04752576184308378,116,384
72,100000000.0,15.0,3000.0,20500000000.0,0.28,25000000000.0,5.0,1200000000.0,0.26,40000000.0,0.05,12,0.16880993244339987,15877957177.601803,0.05312156441208684,116,384
72,100000000.0,15.0,3000.0,20500000000.0,0.28,25000000000.0,5.0,1200000000.0,0.26,40000000.0,0.05,13,0.18085071419975854,5364063261.638013,0.05669090767107697,116,384
72,100000000.0,15.0,3000.0,20500000000.0,0.28,25000000000.0,5.0,1200000000.0,0.26,40000000.0,0.05,14,0.1922958226167199,16743220993.516891,0.06134261516478644,116,384
73,100000000.0,15.0,8000.0,20500000000.0,0.28,250000000.0,5.0,1200000000.0,0.26,10000000.0,0.15,0,0.013895418040526636,0.0010013646702385698,0.0,131,384
73,100000000.0,15.0,8000.0,20500000000.0,0.28,250000000.0,5.0,1200000000.0,0.26,10000000.0,0.15,1,0.027584908779934792,73793427.66666609,0.001651428271492826,128,376
73,100000000.0,15.0,8000.0,20500000000.0,0.28,250000000.0,5.0,1200000000.0,0.26,10000000.0,0.15,2,0.04106917469561522,21390598.115785535,0.004210916886438693,127,372
73,100000000.0,15.0,8000.0,20500000000.0,0.28,250000000.0,5.0,1200000000.0,0.26,10000000.0,0.15,3,0.054353413575370525,109529172.82036462,0.006700660485581166,121,367
73,100000000.0,15.0,8000.0,20500000000.0,0.28,250000000.0,5.0,1200000000.0,0.26,10000000.0,0.15,4,0.06743310104397703,76794844.52925405,0.009145487952083706,117,355
73,100000000.0,15.0,8000.0,20500000000.0,0.28,250000000.0,5.0,1200000000.0,0.26,10000000.0,0.15,5,0.08031579183103431,64482098.6859476,0.011529660316958542,116,353
73,100000000.0,15.0,8000.0,20500000000.0,0.28,250000000.0,5.0,1200000000.0,0.26,10000000.0,0.15,6,0.09300634075062159,105965294.24824163,0.013693343296345832,116,352
73,100000000.0,15.0,8000.0,20500000000.0,0.28,250000000.0,5.0,1200000000.0,0.26,10000000.0,0.15,7,0.1055103686199846,106798947.44695118,0.015841185989994948,111,347
73,100000000.0,15.0,8000.0,20500000000.0,0.28,250000000.0,5.0,1200000000.0,0.26,10000000.0,0.15,8,0.11783384746023479,71396760.97736783,0.017957051233860627,111,346
73,100000000.0,15.0,8000.0,20500000000.0,0.28,250000000.0,5.0,1200000000.0,0.26,10000000.0,0.15,9,0.12996036645246045,83981840.92928723,0.021333611455722986,103,328
73,100000000.0,15.0,8000.0,20500000000.0,0.28,250000000.0,5.0,1200000000.0,0.26,10000000.0,0.15,10,0.14190286372649016,41639610.30470382,0.024718963212765163,103,326
73,100000000.0,15.0,8000.0,20500000000.0,0.28,250000000.0,5.0,1200000000.0,0.26,10000000.0,0.15,11,0.15366920134419368,58274769.18396315,0.028053913273197936,102,319
73,100000000.0,15.0,8000.0,20500000000.0,0.28,250000000.0,5.0,1200000000.0,0.26,10000000.0,0.15,12,0.16525817550515104,52723835.061809845,0.03133921202611038,102,318
73,100000000.0,15.0,8000.0,20500000000.0,0.28,250000000.0,5.0,1200000000.0,0.26,10000000.0,0.15,13,0.17667064474413402,85535896.63056801,0.03457559868867021,98,313
73,100000000.0,15.0,8000.0,20500000000.0,0.28,250000000.0,5.0,1200000000.0,0.26,10000000.0,0.15,14,0.18791361605995513,69495319.07329401,0.037763801472453805,95,309
74,100000000.0,15.0,8000.0,20500000000.0,0.28,250000000.0,5.0,1200000000.0,0.26,10000000.0,0.05,0,0.013895418040526636,0.0010013646702385698,0.0,131,384
74,100000000.0,15.0,8000.0,20500000000.0,0.28,250000000.0,5.0,1200000000.0,0.26,10000000.0,0.05,1,0.027584908779934792,73793427.66666609,0.001651428271492826,128,376
74,100000000.0,15.0,8000.0,20500000000.0,0.28,250000000.0,5.0,1200000000.0,0.26,10000000.0,0.05,2,0.04106917469561522,21390598.115785535,0.004210916886438693,127,372
74,100000000.0,15.0,8000.0,20500000000.0,0.28,250000000.0,5.0,1200000000.0,0.26,10000000.0,0.05,3,0.054353413575370525,109529172.82036462,0.006700660485581166,121,367
74,100000000.0,15.0,8000.0,20500000000.0,0.28,250000000.0,5.0,1200000000.0,0.26,10000000.0,0.05,4,0.06743310104397703,76794844.52925405,0.009145487952083706,117,355
74,100000000.0,15.0,8000.0,20500000000.0,0.28,250000000.0,5.0,1200000000.0,0.26,10000000.0,0.05,5,0.08031579183103431,64482098.6859476,0.011529660316958542,116,353
74,100000000.0,15.0,8000.0,20500000000.0,0.28,250000000.0,5.0,1200000000.0,0.26,10000000.0,0.05,6,0.09300634075062159,105965294.24824163,0.013693343296345832,116,352
74,100000000.0,15.0,8000.0,20500000000.0,0.28,250000000.0,5.0,1200000000.0,0.26,10000000.0,0.05,7,0.1055103686199846,106798947.44695118,0.015841185989994948,111,347
74,100000000.0,15.0,8000.0,20500000000.0,0.28,250000000.0,5.0,1200000000.0,0.26,10000000.0,0.05,8,0.11783384746023479,71396760.97736783,0.017957051233860627,111,346
74,100000000.0,15.0,8000.0,20500000000.0,0.28,250000000.0,5.0,1200000000.0,0.26,10000000.0,0.05,9,0.12996036645246045,83981840.92928723,0.021333611455722986,103,328
74,100000000.0,15.0,8000.0,20500000000.0,0.28,250000000.0,5.0,1200000000.0,0.26,10000000.0,0.05,10,0.14190286372649016,41639610.30470382,0.024718963212765163,103,326
74,100000000.0,15.0,8000.0,20500000000.0,0.28,250000000.0,5.0,1200000000.0,0.26,10000000.0,0.05,11,0.15366920134419368,58274769.18396315,0.028053913273197936,102,319
74,100000000.0,15.0,8000.0,20500000000.0,0.28,250000000.0,5.0,1200000000.0,0.26,10000000.0,0.05,12,0.16525817550515104,52723835.061809845,0.03133921202611038,102,318
74,100000000.0,15.0,8000.0,20500000000.0,0.28,250000000.0,5.0,1200000000.0,0.26,10000000.0,0.05,13,0.17667064474413402,85535896.63056801,0.03457559868867021,98,313
74,100000000.0,15.0,8000.0,20500000000.0,0.28,250000000.0,5.0,1200000000.0,0.26,10000000.0,0.05,14,0.18791361605995513,69495319.07329401,0.037763801472453805,95,309
75,100000000.0,15.0,8000.0,20500000000.0,0.28,250000000.0,5.0,1200000000.0,0.26,40000000.0,0.15,0,0.013895418040526636,0.0010013646702385698,0.0,131,384
75,100000000.0,15.0,8000.0,20500000000.0,0.28,250000000.0,5.0,1200000000.0,0.26,40000000.0,0.15,1,0.027584905015065588,75126661.74283712,0.00032548928349864593,127,384
75,100000000.0,15.0,8000.0,20500000000.0,0.28,250000000.0,5.0,1200000000.0,0.26,40000000.0,0.15,2,0.04106918460154247,69063240.12651864,0.0003810933705526776,120,384
75,100000000.0,15.0,8000.0,20500000000.0,0.28,250000000.0,5.0,1200000000.0,0.26,40000000.0,0.15,3,0.05435332506345314,62127432.6635538,0.0009262767929982848,113,384
75,100000000.0,15.0,8000.0,20500000000.0,0.28,250000000.0,5.0,1200000000.0,0.26,40000000.0,0.15,4,0.06742318717931017,48584356.795308985,0.002360884004754131,102,384
75,100000000.0,15.0,8000.0,20500000000.0,0.28,250000000.0,5.0,1200000000.0,0.26,40000000.0,0.15,5,0.08028800582765372,58448697.87947744,0.003285105972014331,95,384
75,100000000.0,15.0,8000.0,20500000000.0,0.28,250000000.0,5.0,1200000000.0,0.26,40000000.0,0.15,6,0.09295803541449216,58195145.17865393,0.00490632607283479,88,384
75,100000000.0,15.0,8000.0,20500000000.0,0.28,250000000.0,5.0,1200000000.0,0.26,40000000.0,0.15,7,0.10544501863450052,65866167.33992403,0.0065901333725546735,84,384
75,100000000.0,15.0,8000.0,20500000000.0,0.28,250000000.0,5.0,1200000000.0,0.26,40000000.0,0.15,8,0.11773623247027606,50740400.92341173,0.008782893849235598,78,384
75,100000000.0,15.0,8000.0,20500000000.0,0.28,250000000.0,5.0,1200000000.0,0.26,40000000.0,0.15,9,0.12983099500417378,92167564.02474761,0.011180886212403603,71,383
75,100000000.0,15.0,8000.0,20500000000.0,0.28,250000000.0,5.0,1200000000.0,0.26,40000000.0,0.15,10,0.14175185234269816,46714767.50385636,0.013695487411052365,66,383
75,100000000.0,15.0,8000.0,20500000000.0,0.28,250000000.0,5.0,1200000000.0,0.26,40000000.0,0.15,11,0.1534731797562583,25675403.67989081,0.01680542537483012,61,382
75,100000000.0,15.0,8000.0,20500000000.0,0.28,250000000.0,5.0,1200000000.0,0.26,40000000.0,0.15,12,0.1650072290285287,56777896.22836626,0.019594697658975837,56,382
75,100000000.0,15.0,8000.0,20500000000.0,0.28,250000000.0,5.0,1200000000.0,0.26,40000000.0,0.15,13,0.17637044527535087,41997265.76018141,0.02290883667706594,52,382
75,100000000.0,15.0,8000.0,20500000000.0,0.28,250000000.0,5.0,1200000000.0,0.26,40000000.0,0.15,14,0.18753381629755342,83399867.85118271,0.027180896863640783,40,381
76,100000000.0,15.0,8000.0,20500000000.0,0.28,250000000.0,5.0,1200000000.0,0.26,40000000.0,0.05,0,0.013895418040526636,0.0010013646702385698,0.0,131,384
76,100000000.0,15.0,8000.0,20500000000.0,0.28,250000000.0,5.0,1200000000.0,0.26,40000000.0,0.05,1,0.027584905015065588,75126661.74283712,0.00032548928349864593,127,384
76,100000000.0,15.0,8000.0,20500000000.0,0.28,250000000.0,5.0,1200000000.0,0.26,40000000.0,0.05,2,0.04106918460154247,69063240.12651864,0.0003810933705526776,120,384
76,100000000.0,15.0,8000.0,20500000000.0,0.28,250000000.0,5.0,1200000000.0,0.26,40000000.0,0.05,3,0.05435332506345314,62127432.6635538,0.0009262767929982848,113,384
76,100000000.0,15.0,8000.0,20500000000.0,0.28,250000000.0,5.0,1200000000.0,0.26,40000000.0,0.05,4,0.06742318717931017,48584356.795308985,0.002360884004754131,102,384
76,100000000.0,15.0,8000.0,20500000000.0,0.28,250000000.0,5.0,1200000000.0,0.26,40000000.0,0.05,5,0.08028800582765372,58448697.87947744,0.003285105972014331,95,384
76,100000000.0,15.0,8000.0,20500000000.0,0.28,250000000.0,5.0,1200000000.0,0.26,40000000.0,0.05,6,0.09295803541449216,58195145.17865393,0.00490632607283479,88,384
76,100000000.0,15.0,8000.0,20500000000.0,0.28,250000000.0,5.0,1200000000.0,0.26,40000000.0,0.05,7,0.10544501863450052,65866167.33992403,0.0065901333725546735,84,384
76,100000000.0,15.0,8000.0,20500000000.0,0.28,250000000.0,5.0,1200000000.0,0.26,40000000.0,0.05,8,0.11773623247027606,50740400.92341173,0.008782893849235598,78,384
76,100000000.0,15.0,8000.0,20500000000.0,0.28,250000000.0,5.0,1200000000.0,0.26,40000000.0,0.05,9,0.12983099500417378,92167564.02474761,0.011180886212403603,71,383
76,100000000.0,15.0,8000.0,20500000000.0,0.28,250000000.0,5.0,1200000000.0,0.26,40000000.0,0.05,10,0.14175185234269816,46714767.50385636,0.013695487411052365,66,383
76,100000000.0,15.0,8000.0,20500000000.0,0.28,250000000.0,5.0,1200000000.0,0.26,40000000.0,0.05,11,0.1534731797562583,25675403.67989081,0.01680542537483012,61,382
76,100000000.0,15.0,8000.0,20500000000.0,0.28,250000000.0,5.0,1200000000.0,0.26,40000000.0,0.05,12,0.1650072290285287,56777896.22836626,0.019594697658975837,56,382
76,100000000.0,15.0,8000.0,20500000000.0,0.28,250000000.0,5.0,1200000000.0,0.26,40000000.0,0.05,13,0.17637044527535087,41997265.76018141,0.02290883667706594,52,382
76,100000000.0,15.0,8000.0,20500000000.0,0.28,250000000.0,5.0,1200000000.0,0.26,40000000.0,0.05,14,0.18753381629755342,83399867.85118271,0.027180896863640783,40,381
77,100000000.0,15.0,8000.0,20500000000.0,0.28,25000000000.0,5.0,1200000000.0,0.26,10000000.0,0.15,0,0.013895418040526636,0.0010013646702385698,0.0,131,384
77,100000000.0,15.0,8000.0,20500000000.0,0.28,25000000000.0,5.0,1200000000.0,0.26,10000000.0,0.15,1,0.027633234806010938,4985348761.40169,0.002194965604446457,131,375
77,100000000.0,15.0,8000.0,20500000000.0,0.28,25000000000.0,5.0,1200000000.0,0.26,10000000.0,0.15,2,0.04115595253114842,6855174969.794953,0.007569272572179576,128,371
77,100000000.0,15.0,8000.0,20500000000.0,0.28,25000000000.0,5.0,1200000000.0,0.26,10000000.0,0.15,3,0.05474200793123726,9127036961.343063,0.01412312608441501,111,358
77,100000000.0,15.0,8000.0,20500000000.0,0.28,25000000000.0,5.0,1200000000.0,0.26,10000000.0,0.15,4,0.06822055017251115,6962815980.070977,0.02058377291705949,110,352
77,100000000.0,15.0,8000.0,20500000000.0,0.28,25000000000.0,5.0,1200000000.0,0.26,10000000.0,0.15,5,0.08149842156905848,11345649874.390408,0.026948972566768998,110,352
77,100000000.0,15.0,8000.0,20500000000.0,0.28,25000000000.0,5.0,1200000000.0,0.26,10000000.0,0.15,6,0.09457860974277568,10364081328.927586,0.03322625729703329,109,334
77,100000000.0,15.0,8000.0,20500000000.0,0.28,25000000000.0,5.0,1200000000.0,0.26,10000000.0,0.15,7,0.10746405783533154,9869671169.73156,0.0394089988369784,109,334
77,100000000.0,15.0,8000.0,20500000000.0,0.28,25000000000.0,5.0,1200000000.0,0.26,10000000.0,0.15,8,0.12015766517039884,12078213033.360931,0.05759196667444279,108,314
77,100000000.0,15.0,8000.0,20500000000.0,0.28,25000000000.0,5.0,1200000000.0,0.26,10000000.0,0.15,9,0.1326622879060228,6162303871.154143,0.0795445549254676,108,313
77,100000000.0,15.0,8000.0,20500000000.0,0.28,25000000000.0,5.0,1200000000.0,0.26,10000000.0,0.15,10,0.1449807396772777,12818060676.268982,0.095575348466574,108,313
77,100000000.0,15.0,8000.0,20500000000.0,0.28,25000000000.0,5.0,1200000000.0,0.26,10000000.0,0.15,11,0.15711579222935862,20090577493.749687,0.10438121889516479,108,310
77,100000000.0,15.0,8000.0,20500000000.0,0.28,25000000000.0,5.0,1200000000.0,0.26,10000000.0,0.15,12,0.1690701760412421,8311854889.431883,0.12172503509868592,106,302
77,100000000.0,15.0,8000.0,20500000000.0,0.28,25000000000.0,5.0,1200000000.0,0.26,10000000.0,0.15,13,0.1808465809400675,16340423279.161283,0.13883811141921137,106,298
77,100000000.0,15.0,8000.0,20500000000.0,0.28,25000000000.0,5.0,1200000000.0,0.26,10000000.0,0.15,14,0.1924476567063656,12400348230.609898,0.15456819360809906,106,291
78,100000000.0,15.0,8000.0,20500000000.0,0.28,25000000000.0,5.0,1200000000.0,0.26,10000000.0,0.05,0,0.013895418040526636,0.0010013646702385698,0.0,131,384
78,100000000.0,15.0,8000.0,20500000000.0,0.28,25000000000.0,5.0,1200000000.0,0.26,10000000.0,0.05,1,0.027633234806010938,4985348761.40169,0.002194965604446457,131,375
78,100000000.0,15.0,8000.0,20500000000.0,0.28,25000000000.0,5.0,1200000000.0,0.26,10000000.0,0.05,2,0.04115595253114842,6855174969.794953,0.007569272572179576,128,371
78,100000000.0,15.0,8000.0,20500000000.0,0.28,25000000000.0,5.0,1200000000.0,0.26,10000000.0,0.05,3,0.05474200793123726,9127036961.343063,0.01412312608441501,111,358
78,100000000.0,15.0,8000.0,20500000000.0,0.28,25000000000.0,5.0,1200000000.0,0.26,10000000.0,0.05,4,0.06822055017251115,6962815980.070977,0.02058377291705949,110,352
78,100000000.0,15.0,8000.0,20500000000.0,0.28,25000000000.0,5.0,1200000000.0,0.26,10000000.0,0.05,5,0.08149842156905848,11345649874.390408,0.026948972566768998,110,352
78,100000000.0,15.0,8000.0,20500000000.0,0.28,25000000000.0,5.0,1200000000.0,0.26,10000000.0,0.05,6,0.09457860974277568,10364081328.927586,0.03322625729703329,109,334
78,100000000.0,15.0,8000.0,20500000000.0,0.28,25000000000.0,5.0,1200000000.0,0.26,10000000.0,0.05,7,0.10746405783533154,9869671169.73156,0.0394089988369784,109,334
78,100000000.0,15.0,8000.0,20500000000.0,0.28,25000000000.0,5.0,1200000000.0,0.26,10000000.0,0.05,8,0.12015766517039884,12078213033.360931,0.05759196667444279,108,314
78,100000000.0,15.0,8000.0,20500000000.0,0.28,25000000000.0,5.0,1200000000.0,0.26,10000000.0,0.05,9,0.1326622879060228,6162303871.154143,0.0795445549254676,108,313
78,100000000.0,15.0,8000.0,20500000000.0,0.28,25000000000.0,5.0,1200000000.0,0.26,10000000.0,0.05,10,0.1449807396772777,12818060676.268982,0.095575348466574,108,313
78,100000000.0,15.0,8000.0,20500000000.0,0.28,25000000000.0,5.0,1200000000.0,0.26,10000000.0,0.05,11,0.15711579222935862,20090577493.749687,0.10438121889516479,108,310
78,100000000.0,15.0,8000.0,20500000000.0,0.28,25000000000.0,5.0,1200000000.0,0.26,10000000.0,0.05,12,0.1690701760412421,8311854889.431883,0.12172503509868592,106,302
78,100000000.0,15.0,8000.0,20500000000.0,0.28,25000000000.0,5.0,1200000000.0,0.26,10000000.0,0.05,13,0.1808465809400675,16340423279.161283,0.13883811141921137,106,298
78,100000000.0,15.0,8000.0,20500000000.0,0.28,25000000000.0,5.0,1200000000.0,0.26,10000000.0,0.05,14,0.1924476567063656,12400348230.609898,0.15456819360809906,106,291
79,100000000.0,15.0,8000.0,20500000000.0,0.28,25000000000.0,5.0,1200000000.0,0.26,40000000.0,0.15,0,0.013895418040526636,0.0010013646702385698,0.0,131,384
79,100000000.0,15.0,8000.0,20500000000.0,0.28,25000000000.0,5.0,1200000000.0,0.26,40000000.0,0.15,1,0.027685502126022464,9618463473.608822,0.0012815673509446884,131,384
79,100000000.0,15.0,8000.0,20500000000.0,0.28,25000000000.0,5.0,1200000000.0,0.26,40000000.0,0.15,2,0.04149739635090316,5740485960.699319,0.0033951038929082417,131,384
79,100000000.0,15.0,8000.0,20500000000.0,0.28,25000000000.0,5.0,1200000000.0,0.26,40000000.0,0.15,3,0.054878721030123805,7439394528.528493,0.006534678127401361,120,384
79,100000000.0,15.0,8000.0,20500000000.0,0.28,25000000000.0,5.0,1200000000.0,0.26,40000000.0,0.15,4,0.06808570314018604,10686220631.402416,0.011421397992522878,117,384
79,100000000.0,15.0,8000.0,20500000000.0,0.28,25000000000.0,5.0,1200000000.0,0.26,40000000.0,0.15,5,0.08142035405882304,7557947508.025229,0.017899224472313704,117,384
79,100000000.0,15.0,8000.0,20500000000.0,0.28,25000000000.0,5.0,1200000000.0,0.26,40000000.0,0.15,6,0.09443037658376008,5186085806.563537,0.0242936658977513,117,384
79,100000000.0,15.0,8000.0,20500000000.0,0.28,25000000000.0,5.0,1200000000.0,0.26,40000000.0,0.15,7,0.10734347367027319,16018524982.334398,0.028326704478457802,117,384
79,100000000.0,15.0,8000.0,20500000000.0,0.28,25000000000.0,5.0,1200000000.0,0.26,40000000.0,0.15,8,0.12023742393779227,10413745939.508717,0.03308806164150862,117,384
79,100000000.0,15.0,8000.0,20500000000.0,0.28,25000000000.0,5.0,1200000000.0,0.26,40000000.0,0.15,9,0.13271216768372648,7920036069.994832,0.03915842116423476,117,384
79,100000000.0,15.0,8000.0,20500000000.0,0.28,25000000000.0,5.0,1200000000.0,0.26,40000000.0,0.15,10,0.14468207936948926,13401979864.049994,0.042623311503505734,116,384
79,100000000.0,15.0,8000.0,20500000000.0,0.28,25000000000.0,5.0,1200000000.0,0.26,40000000.0,0.15,11,0.15676664199337026,14101503144.71282,0.047254802341491396,116,384
79,100000000.0,15.0,8000.0,20500000000.0,0.28,25000000000.0,5.0,1200000000.0,0.26,40000000.0,0.15,12,0.16870781846151262,16223339004.583345,0.052890835882644906,116,384
79,100000000.0,15.0,8000.0,20500000000.0,0.28,25000000000.0,5.0,1200000000.0,0.26,40000000.0,0.15,13,0.18073519277254832,5365290429.844958,0.056348966667723537,116,384
79,100000000.0,15.0,8000.0,20500000000.0,0.28,25000000000.0,5.0,1200000000.0,0.26,40000000.0,0.15,14,0.1921676587961418,15981681167.098495,0.06096382386636541,116,384
80,100000000.0,15.0,8000.0,20500000000.0,0.28,25000000000.0,5.0,1200000000.0,0.26,40000000.0,0.05,0,0.013895418040526636,0.0010013646702385698,0.0,131,384
80,100000000.0,15.0,8000.0,20500000000.0,0.28,25000000000.0,5.0,1200000000.0,0.26,40000000.0,0.05,1,0.027685502126022464,9618463473.608822,0.0012815673509446884,131,384
80,100000000.0,15.0,8000.0,20500000000.0,0.28,25000000000.0,5.0,1200000000.0,0.26,40000000.0,0.05,2,0.04149739635090316,5740485960.699319,0.0033951038929082417,131,384
80,100000000.0,15.0,8000.0,20500000000.0,0.28,25000000000.0,5.0,1200000000.0,0.26,40000000.0,0.05,3,0.054878721030123805,7439394528.528493,0.006534678127401361,120,384
80,100000000.0,15.0,8000.0,20500000000.0,0.28,25000000000.0,5.0,1200000000.0,0.26,40000000.0,0.05,4,0.06808570314018604,10686220631.402416,0.011421397992522878,117,384
80,100000000.0,15.0,8000.0,20500000000.0,0.28,25000000000.0,5.0,1200000000.0,0.26,40000000.0,0.05,5,0.08142035405882304,7557947508.025229,0.017899224472313704,117,384
80,100000000.0,15.0,8000.0,20500000000.0,0.28,25000000000.0,5.0,1200000000.0,0.26,40000000.0,0.05,6,0.09443037658376008,5186085806.563537,0.0242936658977513,117,384
80,100000000.0,15.0,8000.0,20500000000.0,0.28,25000000000.0,5.0,1200000000.0,0.26,40000000.0,0.05,7,0.10734347367027319,16018524982.334398,0.028326704478457802,117,384
80,100000000.0,15.0,8000.0,20500000000.0,0.28,25000000000.0,5.0,1200000000.0,0.26,40000000.0,0.05,8,0.12023742393779227,10413745939.508717,0.03308806164150862,117,384
80,100000000.0,15.0,8000.0,20500000000.0,0.28,25000000000.0,5.0,1200000000.0,0.26,40000000.0,0.05,9,0.13271216768372648,7920036069.994832,0.03915842116423476,117,384
80,100000000.0,15.0,8000.0,20500000000.0,0.28,25000000000.0,5.0,1200000000.0,0.26,40000000.0,0.05,10,0.14468207936948926,13401979864.049994,0.042623311503505734,116,384
80,100000000.0,15.0,8000.0,20500000000.0,0.28,25000000000.0,5.0,1200000000.0,0.26,40000000.0,0.05,11,0.15676664199337026,14101503144.71282,0.047254802341491396,116,384
80,100000000.0,15.0,8000.0,20500000000.0,0.28,25000000000.0,5.0,1200000000.0,0.26,40000000.0,0.05,12,0.16870781846151262,16223339004.583345,0.052890835882644906,116,384
80,100000000.0,15.0,8000.0,20500000000.0,0.28,25000000000.0,5.0,1200000000.0,0.26,40000000.0,0.05,13,0.18073519277254832,5365290429.844958,0.056348966667723537,116,384
80,100000000.0,15.0,8000.0,20500000000.0,0.28,25000000000.0,5.0,1200000000.0,0.26,40000000.0,0.05,14,0.1921676587961418,15981681167.098495,0.06096382386636541,116,384
81,100000000.0,50.0,3000.0,20500000000.0,0.28,250000000.0,5.0,1200000000.0,0.26,10000000.0,0.15,0,0.013655411276284609,0.0008898990652496419,0.0,131,384
81,100000000.0,50.0,3000.0,20500000000.0,0.28,250000000.0,5.0,1200000000.0,0.26,10000000.0,0.15,1,0.02664565763292223,60417878.77171585,0.0017881663090969747,128,376
81,100000000.0,50.0,3000.0,20500000000.0,0.28,250000000.0,5.0,1200000000.0,0.26,10000000.0,0.15,2,0.03900140044951127,29119987.408607926,0.0048236957967313305,127,370
81,100000000.0,50.0,3000.0,20500000000.0,0.28,250000000.0,5.0,1200000000.0,0.26,10000000.0,0.15,3,0.050754805820475424,94129275.91409932,0.007679425263264248,121,363
81,100000000.0,50.0,3000.0,20500000000.0,0.28,250000000.0,5.0,1200000000.0,0.26,10000000.0,0.15,4,0.061928643173865164,113423679.38145481,0.01040157446434584,118,356
81,100000000.0,50.0,3000.0,20500000000.0,0.28,250000000.0,5.0,1200000000.0,0.26,10000000.0,0.15,5,0.07255674806092142,84755697.1199483,0.01298119852272101,117,352
81,100000000.0,50.0,3000.0,20500000000.0,0.28,250000000.0,5.0,1200000000.0,0.26,10000000.0,0.15,6,0.08266211346352682,58440111.12114817,0.015438923331591685,117,351
81,100000000.0,50.0,3000.0,20500000000.0,0.28,250000000.0,5.0,1200000000.0,0.26,10000000.0,0.15,7,0.09228839362246444,86292759.53118032,0.017774969109124177,117,351
81,100000000.0,50.0,3000.0,20500000000.0,0.28,250000000.0,5.0,1200000000.0,0.26,10000000.0,0.15,8,0.1014249207713684,95277708.76560014,0.020007545554260278,117,351
81,100000000.0,50.0,3000.0,20500000000.0,0.28,250000000.0,5.0,1200000000.0,0.26,10000000.0,0.15,9,0.11012319780076428,66361387.974754825,0.022128134584759873,117,351
81,100000000.0,50.0,3000.0,20500000000.0,0.28,250000000.0,5.0,1200000000.0,0.26,10000000.0,0.15,10,0.11840374619864069,80926659.179148,0.02414665559114756,109,348
81,100000000.0,50.0,3000.0,20500000000.0,0.28,250000000.0,5.0,1200000000.0,0.26,10000000.0,0.15,11,0.12627401602378796,108547981.92224222,0.026058112072955806,102,337
81,100000000.0,50.0,3000.0,20500000000.0,0.28,250000000.0,5.0,1200000000.0,0.26,10000000.0,0.15,12,0.13376153858883846,157994570.07750744,0.027880038088387436,102,335
81,100000000.0,50.0,3000.0,20500000000.0,0.28,250000000.0,5.0,1200000000.0,0.26,10000000.0,0.15,13,0.1408868286151548,170789655.76891357,0.029612223006018745,100,335
81,100000000.0,50.0,3000.0,20500000000.0,0.28,250000000.0,5.0,1200000000.0,0.26,10000000.0,0.15,14,0.1476363464860075,125161791.74292248,0.03126604326664117,100,335
82,100000000.0,50.0,3000.0,20500000000.0,0.28,250000000.0,5.0,1200000000.0,0.26,10000000.0,0.05,0,0.013655411276284609,0.0008898990652496419,0.0,131,384
82,100000000.0,50.0,3000.0,20500000000.0,0.28,250000000.0,5.0,1200000000.0,0.26,10000000.0,0.05,1,0.02664565763292223,60417878.77171585,0.0017881663090969747,128,376
82,100000000.0,50.0,3000.0,20500000000.0,0.28,250000000.0,5.0,1200000000.0,0.26,10000000.0,0.05,2,0.03900140044951127,29119987.408607926,0.0048236957967313305,127,370
82,100000000.0,50.0,3000.0,20500000000.0,0.28,250000000.0,5.0,1200000000.0,0.26,10000000.0,0.05,3,0.050754805820475424,94129275.91409932,0.007679425263264248,121,363
82,100000000.0,50.0,3000.0,20500000000.0,0.28,250000000.0,5.0,1200000000.0,0.26,10000000.0,0.05,4,0.061928643173865164,113423679.38145481,0.01040157446434584,118,356
82,100000000.0,50.0,3000.0,20500000000.0,0.28,250000000.0,5.0,1200000000.0,0.26,10000000.0,0.05,5,0.07255674806092142,84755697.1199483,0.01298119852272101,117,352
82,100000000.0,50.0,3000.0,20500000000.0,0.28,250000000.0,5.0,1200000000.0,0.26,10000000.0,0.05,6,0.08266211346352682,58440111.12114817,0.015438923331591685,117,351
82,100000000.0,50.0,3000.0,20500000000.0,0.28,250000000.0,5.0,1200000000.0,0.26,10000000.0,0.05,7,0.09228839362246444,86292759.53118032,0.017774969109124177,117,351
82,100000000.0,50.0,3000.0,20500000000.0,0.28,250000000.0,5.0,1200000000.0,0.26,10000000.0,0.05,8,0.1014249207713684,95277708.76560014,0.020007545554260278,117,351
82,100000000.0,50.0,3000.0,20500000000.0,0.28,250000000.0,5.0,1200000000.0,0.26,10000000.0,0.05,9,0.11012319780076428,66361387.974754825,0.022128134584759873,117,351
82,100000000.0,50.0,3000.0,20500000000.0,0.28,250000000.0,5.0,1200000000.0,0.26,10000000.0,0.05,10,0.11840374619864069,80926659.179148,0.02414665559114756,109,348
82,100000000.0,50.0,3000.0,20500000000.0,0.28,250000000.0,5.0,1200000000.0,0.26,10000000.0,0.05,11,0.12627401602378796,108547981.92224222,0.026058112072955806,102,337
82,100000000.0,50.0,3000.0,20500000000.0,0.28,250000000.0,5.0,1200000000.0,0.26,10000000.0,0.05,12,0.13376153858883846,157994570.07750744,0.027880038088387436,102,335
82,100000000.0,50.0,3000.0,20500000000.0,0.28,250000000.0,5.0,1200000000.0,0.26,10000000.0,0.05,13,0.1408868286151548,170789655.76891357,0.029612223006018745,100,335
82,100000000.0,50.0,3000.0,20500000000.0,0.28,250000000.0,5.0,1200000000.0,0.26,10000000.0,0.05,14,0.1476363464860075,125161791.74292248,0.03126604326664117,100,335
83,100000000.0,50.0,3000.0,20500000000.0,0.28,250000000.0,5.0,1200000000.0,0.26,40000000.0,0.15,0,0.013655411276284609,0.0008898990652496419,0.0,131,384
83,100000000.0,50.0,3000.0,20500000000.0,0.28,250000000.0,5.0,1200000000.0,0.26,40000000.0,0.15,1,0.02664564646406938,59376193.219357915,0.00037419045061339013,127,384
83,100000000.0,50.0,3000.0,20500000000.0,0.28,250000000.0,5.0,1200000000.0,0.26,40000000.0,0.15,2,0.0390014407738592,55039215.80886384,0.00038050331756812525,122,384
83,100000000.0,50.0,3000.0,20500000000.0,0.28,250000000.0,5.0,1200000000.0,0.26,40000000.0,0.15,3,0.05075473299926504,131174223.74066621,0.0010096011843116698,113,384
83,100000000.0,50.0,3000.0,20500000000.0,0.28,250000000.0,5.0,1200000000.0,0.26,40000000.0,0.15,4,0.061920104744469275,35558852.5074842,0.0014357839706641098,106,384
83,100000000.0,50.0,3000.0,20500000000.0,0.28,250000000.0,5.0,1200000000.0,0.26,40000000.0,0.15,5,0.07253287491504588,62360846.88546917,0.0021070894175970055,102,384
83,100000000.0,50.0,3000.0,20500000000.0,0.28,250000000.0,5.0,1200000000.0,0.26,40000000.0,0.15,6,0.082632198077785,78600557.14578292,0.0031480150487854194,95,384
83,100000000.0,50.0,3000.0,20500000000.0,0.28,250000000.0,5.0,1200000000.0,0.26,40000000.0,0.15,7,0.09222945465833224,70648471.468723,0.004282892305815113,88,384
83,100000000.0,50.0,3000.0,20500000000.0,0.28,250000000.0,5.0,1200000000.0,0.26,40000000.0,0.15,8,0.10136524926338485,62028668.91456055,0.005531772841381433,86,384
83,100000000.0,50.0,3000.0,20500000000.0,0.28,250000000.0,5.0,1200000000.0,0.26,40000000.0,0.15,9,0.11003300112471175,59006790.65251809,0.007115058324043876,80,384
83,100000000.0,50.0,3000.0,20500000000.0,0.28,250000000.0,5.0,1200000000.0,0.26,40000000.0,0.15,10,0.11827428114440826,40779382.97060029,0.008448956657451217,78,384
83,100000000.0,50.0,3000.0,20500000000.0,0.28,250000000.0,5.0,1200000000.0,0.26,40000000.0,0.15,11,0.12610101634535797,236522719.27337828,0.009756861362924989,72,384
83,100000000.0,50.0,3000.0,20500000000.0,0.28,250000000.0,5.0,1200000000.0,0.26,40000000.0,0.15,12,0.13356325924289955,89286125.23229767,0.011606962876609424,71,384
83,100000000.0,50.0,3000.0,20500000000.0,0.28,250000000.0,5.0,1200000000.0,0.26,40000000.0,0.15,13,0.14064327182118275,216785373.6158947,0.01336377614825026,66,384
83,100000000.0,50.0,3000.0,20500000000.0,0.28,250000000.0,5.0,1200000000.0,0.26,40000000.0,0.15,14,0.14735136064026516,48765296.975062914,0.014845361807370496,63,384
84,100000000.0,50.0,3000.0,20500000000.0,0.28,250000000.0,5.0,1200000000.0,0.26,40000000.0,0.05,0,0.013655411276284609,0.0008898990652496419,0.0,131,384
84,100000000.0,50.0,3000.0,20500000000.0,0.28,250000000.0,5.0,1200000000.0,0.26,40000000.0,0.05,1,0.02664564646406938,59376193.219357915,0.00037419045061339013,127,384
84,100000000.0,50.0,3000.0,20500000000.0,0.28,250000000.0,5.0,1200000000.0,0.26,40000000.0,0.05,2,0.0390014407738592,55039215.80886384,0.00038050331756812525,122,384
84,100000000.0,50.0,3000.0,20500000000.0,0.28,250000000.0,5.0,1200000000.0,0.26,40000000.0,0.05,3,0.05075473299926504,131174223.74066621,0.0010096011843116698,113,384
84,100000000.0,50.0,3000.0,20500000000.0,0.28,250000000.0,5.0,1200000000.0,0.26,40000000.0,0.05,4,0.061920104744469275,35558852.5074842,0.0014357839706641098,106,384
84,100000000.0,50.0,3000.0,20500000000.0,0.28,250000000.0,5.0,1200000000.0,0.26,40000000.0,0.05,5,0.07253287491504588,62360846.88546917,0.0021070894175970055,102,384
84,100000000.0,50.0,3000.0,20500000000.0,0.28,250000000.0,5.0,1200000000.0,0.26,40000000.0,0.05,6,0.082632198077785,78600557.14578292,0.0031480150487854194,95,384
84,100000000.0,50.0,3000.0,20500000000.0,0.28,250000000.0,5.0,1200000000.0,0.26,40000000.0,0.05,7,0.09222945465833224,70648471.468723,0.004282892305815113,88,384
84,100000000.0,50.0,3000.0,20500000000.0,0.28,250000000.0,5.0,1200000000.0,0.26,40000000.0,0.05,8,0.10136524926338485,62028668.91456055,0.005531772841381433,86,384
84,100000000.0,50.0,3000.0,20500000000.0,0.28,250000000.0,5.0,1200000000.0,0.26,40000000.0,0.05,9,0.11003300112471175,59006790.65251809,0.007115058324043876,80,384
84,100000000.0,50.0,3000.0,20500000000.0,0.28,250000000.0,5.0,1200000000.0,0.26,40000000.0,0.05,10,0.11827428114440826,40779382.97060029,0.008448956657451217,78,384
84,100000000.0,50.0,3000.0,20500000000.0,0.28,250000000.0,5.0,1200000000.0,0.26,40000000.0,0.05,11,0.12610101634535797,236522719.27337828,0.009756861362924989,72,384
84,100000000.0,50.0,3000.0,20500000000.0,0.28,250000000.0,5.0,1200000000.0,0.26,40000000.0,0.05,12,0.13356325924289955,89286125.23229767,0.011606962876609424,71,384
84,100000000.0,50.0,3000.0,20500000000.0,0.28,250000000.0,5.0,1200000000.0,0.26,40000000.0,0.05,13,0.14064327182118275,216785373.6158947,0.01336377614825026,66,384
84,100000000.0,50.0,3000.0,20500000000.0,0.28,250000000.0,5.0,1200000000.0,0.26,40000000.0,0.05,14,0.14735136064026516,48765296.975062914,0.014845361807370496,63,384
85,100000000.0,50.0,3000.0,20500000000.0,0.28,25000000000.0,5.0,1200000000.0,0.26,10000000.0,0.15,0,0.013655411276284609,0.0008898990652496419,0.0,131,384
85,100000000.0,50.0,3000.0,20500000000.0,0.28,25000000000.0,5.0,1200000000.0,0.26,10000000.0,0.15,1,0.026736139550134,6045670439.252994,0.0030801379755029694,131,374
85,100000000.0,50.0,3000.0,20500000000.0,0.28,25000000000.0,5.0,1200000000.0,0.26,10000000.0,0.15,2,0.039102192755571114,5296083890.566348,0.009559600757486079,125,365
85,100000000.0,50.0,3000.0,20500000000.0,0.28,25000000000.0,5.0,1200000000.0,0.26,10000000.0,0.15,3,0.051187858166917156,4994175694.619105,0.015723048706094093,116,359
85,100000000.0,50.0,3000.0,20500000000.0,0.28,25000000000.0,5.0,1200000000.0,0.26,10000000.0,0.15,4,0.06209303905850308,13312201678.625034,0.07113144854745523,116,359
85,100000000.0,50.0,3000.0,20500000000.0,0.28,25000000000.0,5.0,1200000000.0,0.26,10000000.0,0.15,5,0.07272121697058048,9795627957.381123,0.13201844035373042,116,341
85,100000000.0,50.0,3000.0,20500000000.0,0.28,25000000000.0,5.0,1200000000.0,0.26,10000000.0,0.15,6,0.08291140656494837,11090558685.99896,0.19009328485031882,115,341
85,100000000.0,50.0,3000.0,20500000000.0,0.28,25000000000.0,5.0,1200000000.0,0.26,10000000.0,0.15,7,0.09245310378550725,16104958015.062447,0.2451896762845918,113,341
85,100000000.0,50.0,3000.0,20500000000.0,0.28,25000000000.0,5.0,1200000000.0,0.26,10000000.0,0.15,8,0.10160873468829508,14449532394.900026,0.29773722350052795,113,332
85,100000000.0,50.0,3000.0,20500000000.0,0.28,25000000000.0,5.0,1200000000.0,0.26,10000000.0,0.15,9,0.1103578773829125,9522772677.817722,0.34759367082815723,113,332
85,100000000.0,50.0,3000.0,20500000000.0,0.28,25000000000.0,5.0,1200000000.0,0.26,10000000.0,0.15,10,0.11865077609142176,9805047412.450975,0.3951328879031738,113,330
85,100000000.0,50.0,3000.0,20500000000.0,0.28,25000000000.0,5.0,1200000000.0,0.26,10000000.0,0.15,11,0.12658080139511643,11698369724.892366,0.4402518422211073,113,330
85,100000000.0,50.0,3000.0,20500000000.0,0.28,25000000000.0,5.0,1200000000.0,0.26,10000000.0,0.15,12,0.1340854261296325,8090442890.448448,0.4832638781922883,113,330
85,100000000.0,50.0,3000.0,20500000000.0,0.28,25000000000.0,5.0,1200000000.0,0.26,10000000.0,0.15,13,0.14125402009669358,6755106037.954827,0.5240916566909487,113,330
85,100000000.0,50.0,3000.0,20500000000.0,0.28,25000000000.0,5.0,1200000000.0,0.26,10000000.0,0.15,14,0.14807298908646013,9262888456.233232,0.5630040128833763,113,321
86,100000000.0,50.0,3000.0,20500000000.0,0.28,25000000000.0,5.0,1200000000.0,0.26,10000000.0,0.05,0,0.013655411276284609,0.0008898990652496419,0.0,131,384
86,100000000.0,50.0,3000.0,20500000000.0,0.28,25000000000.0,5.0,1200000000.0,0.26,10000000.0,0.05,1,0.026736139550134,6045670439.252994,0.0030801379755029694,131,374
86,100000000.0,50.0,3000.0,20500000000.0,0.28,25000000000.0,5.0,1200000000.0,0.26,10000000.0,0.05,2,0.039102192755571114,5296083890.566348,0.009559600757486079,125,365
86,100000000.0,50.0,3000.0,20500000000.0,0.28,25000000000.0,5.0,1200000000.0,0.26,10000000.0,0.05,3,0.051187858166917156,4994175694.619105,0.015723048706094093,116,359
86,100000000.0,50.0,3000.0,20500000000.0,0.28,25000000000.0,5.0,1200000000.0,0.26,10000000.0,0.05,4,0.06209303905850308,13312201678.625034,0.07113144854745523,116,359
86,100000000.0,50.0,3000.0,20500000000.0,0.28,25000000000.0,5.0,1200000000.0,0.26,10000000.0,0.05,5,0.07272121697058048,9795627957.381123,0.13201844035373042,116,341
86,100000000.0,50.0,3000.0,20500000000.0,0.28,25000000000.0,5.0,1200000000.0,0.26,10000000.0,0.05,6,0.08291140656494837,11090558685.99896,0.19009328485031882,115,341
86,100000000.0,50.0,3000.0,20500000000.0,0.28,25000000000.0,5.0,1200000000.0,0.26,10000000.0,0.05,7,0.09245310378550725,16104958015.062447,0.2451896762845918,113,341
86,100000000.0,50.0,3000.0,20500000000.0,0.28,25000000000.0,5.0,1200000000.0,0.26,10000000.0,0.05,8,0.10160873468829508,14449532394.900026,0.29773722350052795,113,332
86,100000000.0,50.0,3000.0,20500000000.0,0.28,25000000000.0,5.0,1200000000.0,0.26,10000000.0,0.05,9,0.1103578773829125,9522772677.817722,0.34759367082815723,113,332
86,100000000.0,50.0,3000.0,20500000000.0,0.28,25000000000.0,5.0,1200000000.0,0.26,10000000.0,0.05,10,0.11865077609142176,9805047412.450975,0.3951328879031738,113,330
86,100000000.0,50.0,3000.0,20500000000.0,0.28,25000000000.0,5.0,1200000000.0,0.26,10000000.0,0.05,11,0.12658080139511643,11698369724.892366,0.4402518422211073,113,330
86,100000000.0,50.0,3000.0,20500000000.0,0.28,25000000000.0,5.0,1200000000.0,0.26,10000000.0,0.05,12,0.1340854261296325,8090442890.448448,0.4832638781922883,113,330
86,100000000.0,50.0,3000.0,20500000000.0,0.28,25000000000.0,5.0,1200000000.0,0.26,10000000.0,0.05,13,0.14125402009669358,6755106037.954827,0.5240916566909487,113,330
86,100000000.0,50.0,3000.0,20500000000.0,0.28,25000000000.0,5.0,1200000000.0,0.26,10000000.0,0.05,14,0.14807298908646013,9262888456.233232,0.5630040128833763,113,321
87,100000000.0,50.0,3000.0,20500000000.0,0.28,25000000000.0,5.0,1200000000.0,0.26,40000000.0,0.15,0,0.013655411276284609,0.0008898990652496419,0.0,131,384
87,100000000.0,50.0,3000.0,20500000000.0,0.28,25000000000.0,5.0,1200000000.0,0.26,40000000.0,0.15,1,0.026746958501401265,9646352533.888933,0.0010739503885594294,131,384
87,100000000.0,50.0,3000.0,20500000000.0,0.28,25000000000.0,5.0,1200000000.0,0.26,40000000.0,0.15,2,0.03945260489722124,6198541666.182013,0.0030408896319484516,131,384
87,100000000.0,50.0,3000.0,20500000000.0,0.28,25000000000.0,5.0,1200000000.0,0.26,40000000.0,0.15,3,0.05103338854167198,6479731525.296917,0.005765000968973653,122,384
87,100000000.0,50.0,3000.0,20500000000.0,0.28,25000000000.0,5.0,1200000000.0,0.26,40000000.0,0.15,4,0.062471566668910274,9051356934.089836,0.01000636483360663,117,384
87,100000000.0,50.0,3000.0,20500000000.0,0.28,25000000000.0,5.0,1200000000.0,0.26,40000000.0,0.15,5,0.07345253662863334,7012988618.009912,0.01553413193767621,117,384
87,100000000.0,50.0,3000.0,20500000000.0,0.28,25000000000.0,5.0,1200000000.0,0.26,40000000.0,0.15,6,0.08381253947768104,7308079516.089922,0.020918055703023984,117,384
87,100000000.0,50.0,3000.0,20500000000.0,0.28,25000000000.0,5.0,1200000000.0,0.26,40000000.0,0.15,7,0.09373528072966632,13460614677.404976,0.024278711419411212,117,384
87,100000000.0,50.0,3000.0,20500000000.0,0.28,25000000000.0,5.0,1200000000.0,0.26,40000000.0,0.15,8,0.10334216173862738,11461880968.742865,0.028591931556665104,117,384
87,100000000.0,50.0,3000.0,20500000000.0,0.28,25000000000.0,5.0,1200000000.0,0.26,40000000.0,0.15,9,0.11224594612962416,6823006876.793674,0.03347102534370149,117,384
87,100000000.0,50.0,3000.0,20500000000.0,0.28,25000000000.0,5.0,1200000000.0,0.26,40000000.0,0.15,10,0.12047592573703766,8231810022.956085,0.03624935431533796,117,384
87,100000000.0,50.0,3000.0,20500000000.0,0.28,25000000000.0,5.0,1200000000.0,0.26,40000000.0,0.15,11,0.12859798492308433,10024525371.573996,0.03994261801957905,117,384
87,100000000.0,50.0,3000.0,20500000000.0,0.28,25000000000.0,5.0,1200000000.0,0.26,40000000.0,0.15,12,0.1363170646941559,12391013412.88535,0.04381657370467416,117,384
87,100000000.0,50.0,3000.0,20500000000.0,0.28,25000000000.0,5.0,1200000000.0,0.26,40000000.0,0.15,13,0.14380957922959112,4448991093.800961,0.046649902763274666,117,384
87,100000000.0,50.0,3000.0,20500000000.0,0.28,25000000000.0,5.0,1200000000.0,0.26,40000000.0,0.15,14,0.15066037540970015,11353082839.267014,0.04996436208284134,117,384
88,100000000.0,50.0,3000.0,20500000000.0,0.28,25000000000.0,5.0,1200000000.0,0.26,40000000.0,0.05,0,0.013655411276284609,0.0008898990652496419,0.0,131,384
88,100000000.0,50.0,3000.0,20500000000.0,0.28,25000000000.0,5.0,1200000000.0,0.26,40000000.0,0.05,1,0.026746958501401265,9646352533.888933,0.0010739503885594294,131,384
88,100000000.0,50.0,3000.0,20500000000.0,0.28,25000000000.0,5.0,1200000000.0,0.26,40000000.0,0.05,2,0.03945260489722124,6198541666.182013,0.0030408896319484516,131,384
88,100000000.0,50.0,3000.0,20500000000.0,0.28,25000000000.0,5.0,1200000000.0,0.26,40000000.0,0.05,3,0.05103338854167198,6479731525.296917,0.005765000968973653,122,384
88,100000000.0,50.0,3000.0,20500000000.0,0.28,25000000000.0,5.0,1200000000.0,0.26,40000000.0,0.05,4,0.062471566668910274,9051356934.089836,0.01000636483360663,117,384
88,100000000.0,50.0,3000.0,20500000000.0,0.28,25000000000.0,5.0,1200000000.0,0.26,40000000.0,0.05,5,0.07345253662863334,7012988618.009912,0.01553413193767621,117,384
88,100000000.0,50.0,3000.0,20500000000.0,0.28,25000000000.0,5.0,1200000000.0,0.26,40000000.0,0.05,6,0.08381253947768104,7308079516.089922,0.020918055703023984,117,384
88,100000000.0,50.0,3000.0,20500000000.0,0.28,25000000000.0,5.0,1200000000.0,0.26,40000000.0,0.05,7,0.09373528072966632,13460614677.404976,0.024278711419411212,117,384
88,100000000.0,50.0,3000.0,20500000000.0,0.28,25000000000.0,5.0,1200000000.0,0.26,40000000.0,0.05,8,0.10334216173862738,11461880968.742865,0.028591931556665104,117,384
88,100000000.0,50.0,3000.0,20500000000.0,0.28,25000000000.0,5.0,1200000000.0,0.26,40000000.0,0.05,9,0.11224594612962416,6823006876.793674,0.03347102534370149,117,384
88,100000000.0,50.0,3000.0,20500000000.0,0.28,25000000000.0,5.0,1200000000.0,0.26,40000000.0,0.05,10,0.12047592573703766,8231810022.956085,0.03624935431533796,117,384
88,100000000.0,50.0,3000.0,20500000000.0,0.28,25000000000.0,5.0,1200000000.0,0.26,40000000.0,0.05,11,0.12859798492308433,10024525371.573996,0.03994261801957905,117,384
88,100000000.0,50.0,3000.0,20500000000.0,0.28,25000000000.0,5.0,1200000000.0,0.26,40000000.0,0.05,12,0.1363170646941559,12391013412.88535,0.04381657370467416,117,384
88,100000000.0,50.0,3000.0,20500000000.0,0.28,25000000000.0,5.0,1200000000.0,0.26,40000000.0,0.05,13,0.14380957922959112,4448991093.800961,0.046649902763274666,117,384
88,100000000.0,50.0,3000.0,20500000000.0,0.28,25000000000.0,5.0,1200000000.0,0.26,40000000.0,0.05,14,0.15066037540970015,11353082839.267014,0.04996436208284134,117,384
89,100000000.0,50.0,8000.0,20500000000.0,0.28,250000000.0,5.0,1200000000.0,0.26,10000000.0,0.15,0,0.013655411276284609,0.0008898990652496419,0.0,131,384
89,100000000.0,50.0,8000.0,20500000000.0,0.28,250000000.0,5.0,1200000000.0,0.26,10000000.0,0.15,1,0.026645672712226513,45704986.25377006,0.0010959423264166857,128,376
89,100000000.0,50.0,8000.0,20500000000.0,0.28,250000000.0,5.0,1200000000.0,0.26,10000000.0,0.15,2,0.039001385006939164,56578946.4795091,0.002497766025207827,127,372
89,100000000.0,50.0,8000.0,20500000000.0,0.28,250000000.0,5.0,1200000000.0,0.26,10000000.0,0.15,3,0.050754811817057814,99019376.14952722,0.004144441194479961,121,367
89,100000000.0,50.0,8000.0,20500000000.0,0.28,250000000.0,5.0,1200000000.0,0.26,10000000.0,0.15,4,0.061928679430716324,107441032.64326844,0.005710805110064926,117,363
89,100000000.0,50.0,8000.0,20500000000.0,0.28,250000000.0,5.0,1200000000.0,0.26,10000000.0,0.15,5,0.0725570677144083,60489012.8400931,0.007548010925064509,117,363
89,100000000.0,50.0,8000.0,20500000000.0,0.28,250000000.0,5.0,1200000000.0,0.26,10000000.0,0.15,6,0.08266130700517949,116279995.54436965,0.00954410789034667,112,357
89,100000000.0,50.0,8000.0,20500000000.0,0.28,250000000.0,5.0,1200000000.0,0.26,10000000.0,0.15,7,0.09227679826118165,76778301.85975108,0.011442851684369282,111,352
89,100000000.0,50.0,8000.0,20500000000.0,0.28,250000000.0,5.0,1200000000.0,0.26,10000000.0,0.15,8,0.10141893038964352,85277169.07686754,0.013248990393081654,109,350
89,100000000.0,50.0,8000.0,20500000000.0,0.28,250000000.0,5.0,1200000000.0,0.26,10000000.0,0.15,9,0.110113318144942,40039856.99807113,0.014967040529902997,107,350
89,100000000.0,50.0,8000.0,20500000000.0,0.28,250000000.0,5.0,1200000000.0,0.26,10000000.0,0.15,10,0.11838364375255032,48002982.0119115,0.016601298329923346,106,349
89,100000000.0,50.0,8000.0,20500000000.0,0.28,250000000.0,5.0,1200000000.0,0.26,10000000.0,0.15,11,0.12625432525960623,67381824.53600971,0.018155850493266294,102,346
89,100000000.0,50.0,8000.0,20500000000.0,0.28,250000000.0,5.0,1200000000.0,0.26,10000000.0,0.15,12,0.13372337175161383,101788781.8647285,0.019634584404479256,98,343
89,100000000.0,50.0,8000.0,20500000000.0,0.28,250000000.0,5.0,1200000000.0,0.26,10000000.0,0.15,13,0.14083510408520494,164111407.86937124,0.022093780254084348,94,343
89,100000000.0,50.0,8000.0,20500000000.0,0.28,250000000.0,5.0,1200000000.0,0.26,10000000.0,0.15,14,0.14762912826050437,215640351.19361523,0.024478191026107113,92,336
90,100000000.0,50.0,8000.0,20500000000.0,0.28,250000000.0,5.0,1200000000.0,0.26,10000000.0,0.05,0,0.013655411276284609,0.0008898990652496419,0.0,131,384
90,100000000.0,50.0,8000.0,20500000000.0,0.28,250000000.0,5.0,1200000000.0,0.26,10000000.0,0.05,1,0.026645672712226513,45704986.25377006,0.0010959423264166857,128,376
90,100000000.0,50.0,8000.0,20500000000.0,0.28,250000000.0,5.0,1200000000.0,0.26,10000000.0,0.05,2,0.039001385006939164,56578946.4795091,0.002497766025207827,127,372
90,100000000.0,50.0,8000.0,20500000000.0,0.28,250000000.0,5.0,1200000000.0,0.26,10000000.0,0.05,3,0.050754811817057814,99019376.14952722,0.004144441194479961,121,367
90,100000000.0,50.0,8000.0,20500000000.0,0.28,250000000.0,5.0,1200000000.0,0.26,10000000.0,0.05,4,0.061928679430716324,107441032.64326844,0.005710805110064926,117,363
90,100000000.0,50.0,8000.0,20500000000.0,0.28,250000000.0,5.0,1200000000.0,0.26,10000000.0,0.05,5,0.0725570677144083,60489012.8400931,0.007548010925064509,117,363
90,100000000.0,50.0,8000.0,20500000000.0,0.28,250000000.0,5.0,1200000000.0,0.26,10000000.0,0.05,6,0.08266130700517949,116279995.54436965,0.00954410789034667,112,357
90,100000000.0,50.0,8000.0,20500000000.0,0.28,250000000.0,5.0,1200000000.0,0.26,10000000.0,0.05,7,0.09227679826118165,76778301.85975108,0.011442851684369282,111,352
90,100000000.0,50.0,8000.0,20500000000.0,0.28,250000000.0,5.0,1200000000.0,0.26,10000000.0,0.05,8,0.10141893038964352,85277169.07686754,0.013248990393081654,109,350
90,100000000.0,50.0,8000.0,20500000000.0,0.28,250000000.0,5.0,1200000000.0,0.26,10000000.0,0.05,9,0.110113318144942,40039856.99807113,0.014967040529902997,107,350
90,100000000.0,50.0,8000.0,20500000000.0,0.28,250000000.0,5.0,1200000000.0,0.26,10000000.0,0.05,10,0.11838364375255032,48002982.0119115,0.016601298329923346,106,349
90,100000000.0,50.0,8000.0,20500000000.0,0.28,250000000.0,5.0,1200000000.0,0.26,10000000.0,0.05,11,0.12625432525960623,67381824.53600971,0.018155850493266294,102,346
90,100000000.0,50.0,8000.0,20500000000.0,0.28,250000000.0,5.0,1200000000.0,0.26,10000000.0,0.05,12,0.13372337175161383,101788781.8647285,0.019634584404479256,98,343
90,100000000.0,50.0,8000.0,20500000000.0,0.28,250000000.0,5.0,1200000000.0,0.26,10000000.0,0.05,13,0.14083510408520494,164111407.86937124,0.022093780254084348,94,343
90,100000000.0,50.0,8000.0,20500000000.0,0.28,250000000.0,5.0,1200000000.0,0.26,10000000.0,0.05,14,0.14762912826050437,215640351.19361523,0.024478191026107113,92,336
91,100000000.0,50.0,8000.0,20500000000.0,0.28,250000000.0,5.0,1200000000.0,0.26,40000000.0,0.15,0,0.013655411276284609,0.0008898990652496419,0.0,131,384
91,100000000.0,50.0,8000.0,20500000000.0,0.28,250000000.0,5.0,1200000000.0,0.26,40000000.0,0.15,1,0.02664566453517756,45507655.10200897,0.0003569174971595531,127,384
91,100000000.0,50.0,8000.0,20500000000.0,0.28,250000000.0,5.0,1200000000.0,0.26,40000000.0,0.15,2,0.039001420972540064,43878746.81798439,0.0003864574921495503,122,384
91,100000000.0,50.0,8000.0,20500000000.0,0.28,250000000.0,5.0,1200000000.0,0.26,40000000.0,0.15,3,0.05075474846597455,102490718.30216612,0.0009949396088441268,113,384
91,100000000.0,50.0,8000.0,20500000000.0,0.28,250000000.0,5.0,1200000000.0,0.26,40000000.0,0.15,4,0.06192084397911954,33351663.706469275,0.0014308828239684441,106,384
91,100000000.0,50.0,8000.0,20500000000.0,0.28,250000000.0,5.0,1200000000.0,0.26,40000000.0,0.15,5,0.07253527615653167,43877465.751620844,0.002167965247483458,102,384
91,100000000.0,50.0,8000.0,20500000000.0,0.28,250000000.0,5.0,1200000000.0,0.26,40000000.0,0.15,6,0.08263468223033608,59955296.62348504,0.003345362712843114,95,384
91,100000000.0,50.0,8000.0,20500000000.0,0.28,250000000.0,5.0,1200000000.0,0.26,40000000.0,0.15,7,0.09223424093594965,73103306.4456081,0.004462211054373619,88,384
91,100000000.0,50.0,8000.0,20500000000.0,0.28,250000000.0,5.0,1200000000.0,0.26,40000000.0,0.15,8,0.10137105066789726,61999205.21717324,0.005774837529984128,86,384
91,100000000.0,50.0,8000.0,20500000000.0,0.28,250000000.0,5.0,1200000000.0,0.26,40000000.0,0.15,9,0.1100375471815,59820849.12604119,0.007345144294176493,80,384
91,100000000.0,50.0,8000.0,20500000000.0,0.28,250000000.0,5.0,1200000000.0,0.26,40000000.0,0.15,10,0.11828024199233571,50297541.904170014,0.008748789872690696,78,384
91,100000000.0,50.0,8000.0,20500000000.0,0.28,250000000.0,5.0,1200000000.0,0.26,40000000.0,0.15,11,0.12610662298906497,98557545.94150808,0.010077178734688117,71,384
91,100000000.0,50.0,8000.0,20500000000.0,0.28,250000000.0,5.0,1200000000.0,0.26,40000000.0,0.15,12,0.13357034777661514,75992796.87161726,0.012048792523998297,71,384
91,100000000.0,50.0,8000.0,20500000000.0,0.28,250000000.0,5.0,1200000000.0,0.26,40000000.0,0.15,13,0.14064980894925225,214369505.11826035,0.013727284794872077,66,384
91,100000000.0,50.0,8000.0,20500000000.0,0.28,250000000.0,5.0,1200000000.0,0.26,40000000.0,0.15,14,0.14735607638652057,37174134.66247204,0.015254341923192222,63,384
92,100000000.0,50.0,8000.0,20500000000.0,0.28,250000000.0,5.0,1200000000.0,0.26,40000000.0,0.05,0,0.013655411276284609,0.0008898990652496419,0.0,131,384
92,100000000.0,50.0,8000.0,20500000000.0,0.28,250000000.0,5.0,1200000000.0,0.26,40000000.0,0.05,1,0.02664566453517756,45507655.10200897,0.0003569174971595531,127,384
92,100000000.0,50.0,8000.0,20500000000.0,0.28,250000000.0,5.0,1200000000.0,0.26,40000000.0,0.05,2,0.039001420972540064,43878746.81798439,0.0003864574921495503,122,384
92,100000000.0,50.0,8000.0,20500000000.0,0.28,250000000.0,5.0,1200000000.0,0.26,40000000.0,0.05,3,0.05075474846597455,102490718.30216612,0.0009949396088441268,113,384
92,100000000.0,50.0,8000.0,20500000000.0,0.28,250000000.0,5.0,1200000000.0,0.26,40000000.0,0.05,4,0.06192084397911954,33351663.706469275,0.0014308828239684441,106,384
92,100000000.0,50.0,8000.0,20500000000.0,0.28,250000000.0,5.0,1200000000.0,0.26,40000000.0,0.05,5,0.07253527615653167,43877465.751620844,0.002167965247483458,102,384
92,100000000.0,50.0,8000.0,20500000000.0,0.28,250000000.0,5.0,1200000000.0,0.26,40000000.0,0.05,6,0.08263468223033608,59955296.62348504,0.003345362712843114,95,384
92,100000000.0,50.0,8000.0,20500000000.0,0.28,250000000.0,5.0,1200000000.0,0.26,40000000.0,0.05,7,0.09223424093594965,73103306.4456081,0.004462211054373619,88,384
92,100000000.0,50.0,8000.0,20500000000.0,0.28,250000000.0,5.0,1200000000.0,0.26,40000000.0,0.05,8,0.10137105066789726,61999205.21717324,0.005774837529984128,86,384
92,100000000.0,50.0,8000.0,20500000000.0,0.28,250000000.0,5.0,1200000000.0,0.26,40000000.0,0.05,9,0.1100375471815,59820849.12604119,0.007345144294176493,80,384
92,100000000.0,50.0,8000.0,20500000000.0,0.28,250000000.0,5.0,1200000000.0,0.26,40000000.0,0.05,10,0.11828024199233571,50297541.904170014,0.008748789872690696,78,384
92,100000000.0,50.0,8000.0,20500000000.0,0.28,250000000.0,5.0,1200000000.0,0.26,40000000.0,0.05,11,0.12610662298906497,98557545.94150808,0.010077178734688117,71,384
92,100000000.0,50.0,8000.0,20500000000.0,0.28,250000000.0,5.0,1200000000.0,0.26,40000000.0,0.05,12,0.13357034777661514,75992796.87161726,0.012048792523998297,71,384
92,100000000.0,50.0,8000.0,20500000000.0,0.28,250000000.0,5.0,1200000000.0,0.26,40000000.0,0.05,13,0.14064980894925225,214369505.11826035,0.013727284794872077,66,384
92,100000000.0,50.0,8000.0,20500000000.0,0.28,250000000.0,5.0,1200000000.0,0.26,40000000.0,0.05,14,0.14735607638652057,37174134.66247204,0.015254341923192222,63,384
93,100000000.0,50.0,8000.0,20500000000.0,0.28,25000000000.0,5.0,1200000000.0,0.26,10000000.0,0.15,0,0.013655411276284609,0.0008898990652496419,0.0,131,384
93,100000000.0,50.0,8000.0,20500000000.0,0.28,25000000000.0,5.0,1200000000.0,0.26,10000000.0,0.15,1,0.02671447006460053,5055829020.075348,0.0019167994633084346,131,375
93,100000000.0,50.0,8000.0,20500000000.0,0.28,25000000000.0,5.0,1200000000.0,0.26,10000000.0,0.15,2,0.03907746870881613,8007161257.146376,0.006728308132220451,128,371
93,100000000.0,50.0,8000.0,20500000000.0,0.28,25000000000.0,5.0,1200000000.0,0.26,10000000.0,0.15,3,0.05108553669728118,8912707086.138577,0.012972811976795248,112,355
93,100000000.0,50.0,8000.0,20500000000.0,0.28,25000000000.0,5.0,1200000000.0,0.26,10000000.0,0.15,4,0.06257297546211463,8667213773.163313,0.04973288381975746,109,355
93,100000000.0,50.0,8000.0,20500000000.0,0.28,25000000000.0,5.0,1200000000.0,0.26,10000000.0,0.15,5,0.07704336221563743,8174526055.480182,0.08370039833360296,106,347
93,100000000.0,50.0,8000.0,20500000000.0,0.28,25000000000.0,5.0,1200000000.0,0.26,10000000.0,0.15,6,0.08643824638333801,4868376488.414758,0.10928843820085382,106,342
93,100000000.0,50.0,8000.0,20500000000.0,0.28,25000000000.0,5.0,1200000000.0,0.26,10000000.0,0.15,7,0.09378168310819567,11681067755.029736,0.13371080003049743,106,342
93,100000000.0,50.0,8000.0,20500000000.0,0.28,25000000000.0,5.0,1200000000.0,0.26,10000000.0,0.15,8,0.10318675547201792,13216890089.615929,0.16058424538949026,106,335
93,100000000.0,50.0,8000.0,20500000000.0,0.28,25000000000.0,5.0,1200000000.0,0.26,10000000.0,0.15,9,0.11213312586070143,9668519334.1429,0.18621750681212834,106,335
93,100000000.0,50.0,8000.0,20500000000.0,0.28,25000000000.0,5.0,1200000000.0,0.26,10000000.0,0.15,10,0.12064316597898771,7293717502.707908,0.2107160850758939,105,335
93,100000000.0,50.0,8000.0,20500000000.0,0.28,25000000000.0,5.0,1200000000.0,0.26,10000000.0,0.15,11,0.12873815642410158,16674123228.418633,0.23391049202491737,105,335
93,100000000.0,50.0,8000.0,20500000000.0,0.28,25000000000.0,5.0,1200000000.0,0.26,10000000.0,0.15,12,0.13643833990098955,11937965865.59283,0.25609270638432163,105,328
93,100000000.0,50.0,8000.0,20500000000.0,0.28,25000000000.0,5.0,1200000000.0,0.26,10000000.0,0.15,13,0.1437629718421585,8163770361.885211,0.2770757366380141,105,328
93,100000000.0,50.0,8000.0,20500000000.0,0.28,25000000000.0,5.0,1200000000.0,0.26,10000000.0,0.15,14,0.15073036855869448,15325802115.70553,0.29713192877691863,105,328
94,100000000.0,50.0,8000.0,20500000000.0,0.28,25000000000.0,5.0,1200000000.0,0.26,10000000.0,0.05,0,0.013655411276284609,0.0008898990652496419,0.0,131,384
94,100000000.0,50.0,8000.0,20500000000.0,0.28,25000000000.0,5.0,1200000000.0,0.26,10000000.0,0.05,1,0.02671447006460053,5055829020.075348,0.0019167994633084346,131,375
94,100000000.0,50.0,8000.0,20500000000.0,0.28,25000000000.0,5.0,1200000000.0,0.26,10000000.0,0.05,2,0.03907746870881613,8007161257.146376,0.006728308132220451,128,371
94,100000000.0,50.0,8000.0,20500000000.0,0.28,25000000000.0,5.0,1200000000.0,0.26,10000000.0,0.05,3,0.05108553669728118,8912707086.138577,0.012972811976795248,112,355
94,100000000.0,50.0,8000.0,20500000000.0,0.28,25000000000.0,5.0,1200000000.0,0.26,10000000.0,0.05,4,0.06257297546211463,8667213773.163313,0.04973288381975746,109,355
94,100000000.0,50.0,8000.0,20500000000.0,0.28,25000000000.0,5.0,1200000000.0,0.26,10000000.0,0.05,5,0.07704336221563743,8174526055.480182,0.08370039833360296,106,347
94,100000000.0,50.0,8000.0,20500000000.0,0.28,25000000000.0,5.0,1200000000.0,0.26,10000000.0,0.05,6,0.08643824638333801,4868376488.414758,0.10928843820085382,106,342
94,100000000.0,50.0,8000.0,20500000000.0,0.28,25000000000.0,5.0,1200000000.0,0.26,10000000.0,0.05,7,0.09378168310819567,11681067755.029736,0.13371080003049743,106,342
94,100000000.0,50.0,8000.0,20500000000.0,0.28,25000000000.0,5.0,1200000000.0,0.26,10000000.0,0.05,8,0.10318675547201792,13216890089.615929,0.16058424538949026,106,335
94,100000000.0,50.0,8000.0,20500000000.0,0.28,25000000000.0,5.0,1200000000.0,0.26,10000000.0,0.05,9,0.11213312586070143,9668519334.1429,0.18621750681212834,106,335
94,100000000.0,50.0,8000.0,20500000000.0,0.28,25000000000.0,5.0,1200000000.0,0.26,10000000.0,0.05,10,0.12064316597898771,7293717502.707908,0.2107160850758939,105,335
94,100000000.0,50.0,8000.0,20500000000.0,0.28,25000000000.0,5.0,1200000000.0,0.26,10000000.0,0.05,11,0.12873815642410158,16674123228.418633,0.23391049202491737,105,335
94,100000000.0,50.0,8000.0,20500000000.0,0.28,25000000000.0,5.0,1200000000.0,0.26,10000000.0,0.05,12,0.13643833990098955,11937965865.59283,0.25609270638432163,105,328
94,100000000.0,50.0,8000.0,20500000000.0,0.28,25000000000.0,5.0,1200000000.0,0.26,10000000.0,0.05,13,0.1437629718421585,8163770361.885211,0.2770757366380141,105,328
94,100000000.0,50.0,8000.0,20500000000.0,0.28,25000000000.0,5.0,1200000000.0,0.26,10000000.0,0.05,14,0.15073036855869448,15325802115.70553,0.29713192877691863,105,328
95,100000000.0,50.0,8000.0,20500000000.0,0.28,25000000000.0,5.0,1200000000.0,0.26,40000000.0,0.15,0,0.013655411276284609,0.0008898990652496419,0.0,131,384
95,100000000.0,50.0,8000.0,20500000000.0,0.28,25000000000.0,5.0,1200000000.0,0.26,40000000.0,0.15,1,0.026742040479131823,9627510102.814476,0.0010484719624022022,131,384
95,100000000.0,50.0,8000.0,20500000000.0,0.28,25000000000.0,5.0,1200000000.0,0.26,40000000.0,0.15,2,0.03944590360834948,6121333799.986862,0.003013501109422573,131,384
95,100000000.0,50.0,8000.0,20500000000.0,0.28,25000000000.0,5.0,1200000000.0,0.26,40000000.0,0.15,3,0.0510246613839902,6454208410.697264,0.005729587294740018,122,384
95,100000000.0,50.0,8000.0,20500000000.0,0.28,25000000000.0,5.0,1200000000.0,0.26,40000000.0,0.15,4,0.062456262185830246,8963470640.522505,0.009976527056540506,117,384
95,100000000.0,50.0,8000.0,20500000000.0,0.28,25000000000.0,5.0,1200000000.0,0.26,40000000.0,0.15,5,0.07343043928529154,7021351387.220462,0.015456277769408822,117,384
95,100000000.0,50.0,8000.0,20500000000.0,0.28,25000000000.0,5.0,1200000000.0,0.26,40000000.0,0.15,6,0.0837776682389645,5481967925.568535,0.020800916031644513,117,384
95,100000000.0,50.0,8000.0,20500000000.0,0.28,25000000000.0,5.0,1200000000.0,0.26,40000000.0,0.15,7,0.09369163249311903,13080309261.857307,0.024057598709353763,117,384
95,100000000.0,50.0,8000.0,20500000000.0,0.28,25000000000.0,5.0,1200000000.0,0.26,40000000.0,0.15,8,0.10329130955624685,11772220974.753592,0.027043348798584742,117,384
95,100000000.0,50.0,8000.0,20500000000.0,0.28,25000000000.0,5.0,1200000000.0,0.26,40000000.0,0.15,9,0.11218802035242108,7127045581.660876,0.030937372391056508,117,384
95,100000000.0,50.0,8000.0,20500000000.0,0.28,25000000000.0,5.0,1200000000.0,0.26,40000000.0,0.15,10,0.12042065432155354,10461767364.228622,0.03334776907799733,117,384
95,100000000.0,50.0,8000.0,20500000000.0,0.28,25000000000.0,5.0,1200000000.0,0.26,40000000.0,0.15,11,0.12852966110292488,8195623731.880295,0.035895089579850936,117,384
95,100000000.0,50.0,8000.0,20500000000.0,0.28,25000000000.0,5.0,1200000000.0,0.26,40000000.0,0.15,12,0.13624626259494027,12072026419.422287,0.03880700043687392,117,384
95,100000000.0,50.0,8000.0,20500000000.0,0.28,25000000000.0,5.0,1200000000.0,0.26,40000000.0,0.15,13,0.1437243898759433,5060047586.5298395,0.04164045344884723,117,384
95,100000000.0,50.0,8000.0,20500000000.0,0.28,25000000000.0,5.0,1200000000.0,0.26,40000000.0,0.15,14,0.15056677089985682,10250944847.769339,0.043645495515661506,117,384
96,100000000.0,50.0,8000.0,20500000000.0,0.28,25000000000.0,5.0,1200000000.0,0.26,40000000.0,0.05,0,0.013655411276284609,0.0008898990652496419,0.0,131,384
96,100000000.0,50.0,8000.0,20500000000.0,0.28,25000000000.0,5.0,1200000000.0,0.26,40000000.0,0.05,1,0.026742040479131823,9627510102.814476,0.0010484719624022022,131,384
96,100000000.0,50.0,8000.0,20500000000.0,0.28,25000000000.0,5.0,1200000000.0,0.26,40000000.0,0.05,2,0.03944590360834948,6121333799.986862,0.003013501109422573,131,384
96,100000000.0,50.0,8000.0,20500000000.0,0.28,25000000000.0,5.0,1200000000.0,0.26,40000000.0,0.05,3,0.0510246613839902,6454208410.697264,0.005729587294740018,122,384
96,100000000.0,50.0,8000.0,20500000000.0,0.28,25000000000.0,5.0,1200000000.0,0.26,40000000.0,0.05,4,0.062456262185830246,8963470640.522505,0.009976527056540506,117,384
96,100000000.0,50.0,8000.0,20500000000.0,0.28,25000000000.0,5.0,1200000000.0,0.26,40000000.0,0.05,5,0.07343043928529154,7021351387.220462,0.015456277769408822,117,384
96,100000000.0,50.0,8000.0,20500000000.0,0.28,25000000000.0,5.0,1200000000.0,0.26,40000000.0,0.05,6,0.0837776682389645,5481967925.568535,0.020800916031644513,117,384
96,100000000.0,50.0,8000.0,20500000000.0,0.28,25000000000.0,5.0,1200000000.0,0.26,40000000.0,0.05,7,0.09369163249311903,13080309261.857307,0.024057598709353763,117,384
96,100000000.0,50.0,8000.0,20500000000.0,0.28,25000000000.0,5.0,1200000000.0,0.26,40000000.0,0.05,8,0.10329130955624685,11772220974.753592,0.027043348798584742,117,384
96,100000000.0,50.0,8000.0,20500000000.0,0.28,25000000000.0,5.0,1200000000.0,0.26,40000000.0,0.05,9,0.11218802035242108,7127045581.660876,0.030937372391056508,117,384
96,100000000.0,50.0,8000.0,20500000000.0,0.28,25000000000.0,5.0,1200000000.0,0.26,40000000.0,0.05,10,0.12042065432155354,10461767364.228622,0.03334776907799733,117,384
96,100000000.0,50.0,8000.0,20500000000.0,0.28,25000000000.0,5.0,1200000000.0,0.26,40000000.0,0.05,11,0.12852966110292488,8195623731.880295,0.035895089579850936,117,384
96,100000000.0,50.0,8000.0,20500000000.0,0.28,25000000000.0,5.0,1200000000.0,0.26,40000000.0,0.05,12,0.13624626259494027,12072026419.422287,0.03880700043687392,117,384
96,100000000.0,50.0,8000.0,20500000000.0,0.28,25000000000.0,5.0,1200000000.0,0.26,40000000.0,0.05,13,0.1437243898759433,5060047586.5298395,0.04164045344884723,117,384
96,100000000.0,50.0,8000.0,20500000000.0,0.28,25000000000.0,5.0,1200000000.0,0.26,40000000.0,0.05,14,0.15056677089985682,10250944847.769339,0.043645495515661506,117,384
